1.812172681831620835e+00,6.941217931749623649e-01,8.136202246089766499e-01,9.748367098887382731e-01,1.788628473430318611e+00,4.365098505119894279e-01
7.359141238682721520e-01,4.635156889219147480e-01,2.605054242536334108e+00,1.691117999104744918e+00,9.649746807200862420e-02,-1.863492703364490799e+00
1.432703814662339203e+00,-1.507693484401413375e-01,1.862256990996126849e+00,1.905691080871059206e+00,-2.773882025143990515e-01,-3.547589792689867516e-01
1.872405882108239883e+00,6.193965495524486053e-01,4.466406336313855086e-02,1.733551405820417557e+00,-8.274148148245977219e-02,-6.270006768238473027e-01
1.159519548028549174e+00,8.753148122612949278e-01,3.065221663478625125e+00,8.210671319015407921e-01,-4.381816897592823862e-02,-4.772180303595026651e-01
1.731053968522487052e+00,-3.007035474882702175e-02,1.019275476070503395e+00,2.768089173254565605e+00,-1.313864753362682158e+00,8.846223804995846374e-01
8.387913979932462016e-01,8.079728226657921786e-01,1.979512236474341158e-01,6.235591341022712619e-01,8.813180422075298504e-01,1.709573063652948477e+00
1.566884721167718819e+00,4.500543663429845687e-01,3.364571224864496557e+00,7.206650869228170553e-02,5.003364217686021020e-02,-4.046774146008908501e-01
9.137858962247821237e-01,5.610707910393141207e-01,2.257718065762145621e+00,2.586727428335259926e+00,-5.453599476195304385e-01,-1.546477315582968304e+00
1.021106873357796374e+00,1.291407606857911006e+00,1.224895406677362519e+00,4.430902373551169893e-01,9.823674342581600882e-01,-1.101067630111475681e+00
4.496904113935393799e-01,1.572361854919807067e+00,2.626828254355163761e+00,7.058593684423906112e-01,-1.185046527020172880e+00,-2.056498994225410826e-01
1.450795360296397885e+00,1.251247169450934171e+00,2.444309209056294119e+00,1.749769953699576330e+00,1.486148355074590199e+00,2.367162672269123302e-01
1.450427974632205963e+00,6.581360704128333960e-01,5.268693843354150808e-01,5.934794361917224981e-01,-1.023785139926468135e+00,-7.129932001120493634e-01
9.385548872406759280e-01,5.321152828704656113e-01,3.366967525355969659e+00,7.812423387022584542e-01,6.252449661628293187e-01,-1.605133631869239130e-01
8.660559601869920465e-01,1.265177733369093005e+00,2.622579514177700410e+00,2.013095447750800293e+00,-7.688363503192300330e-01,-2.300307222779390537e-01
6.541696241373454734e-01,8.016232365720112885e-01,1.246617746014600403e+00,2.025106587044790629e+00,7.450562664053708151e-01,1.976110783126302506e+00
6.564136499402002389e-01,5.773971792506402689e-01,3.637264630767308660e+00,8.001590733076064943e-01,-1.244123328955937025e+00,-6.264169111883691743e-01
6.643769345815904170e-01,9.936677005405493146e-01,2.167387453800973862e+00,2.701887402102741476e+00,-8.037660945765764398e-01,-2.419083173178669721e+00
4.413448256823611082e-01,1.117207848908546186e+00,1.018576981297701689e+00,5.000485421898932525e-01,-9.237920216957885566e-01,-1.023875760842837712e+00
1.829901088554935384e+00,1.371022080288667677e+00,3.233047222275966082e+00,6.832858449254959332e-01,1.123977958957468326e+00,-1.319142328009008935e-01
9.040822238191925653e-01,5.561855179575818653e-01,2.480469030122997687e+00,3.392687877870072199e+00,-1.623285445835247254e+00,6.466754522701722019e-01
6.264208531245811784e-01,1.846227300513873182e+00,1.241074209731103606e+00,7.333892771573743419e-01,-3.562707594467448557e-01,-1.743141036953458789e+00
1.025403877388014529e+00,6.815021767153233156e-01,3.516768989698119796e+00,8.861705181122881969e-01,-5.966496416841992056e-01,-5.885943796882429080e-01
1.095457742333733053e+00,2.050127568239421105e+00,2.154489654844891078e+00,2.328805249460623727e+00,-8.738822977622994204e-01,2.971381536101662044e-02
1.060079476240814556e+00,1.308601554853709548e+00,9.914445818670764021e-01,1.525476520089560584e+00,-2.248257767576606003e+00,-2.677618648460561857e-01
1.150085159977913829e+00,8.238750767532406760e-01,3.232070281129202360e+00,7.795259730852303059e-01,1.013183441886494451e+00,8.527978409541494553e-01
4.287409009889299183e-01,8.253286387935612201e-01,1.502116517256494310e+00,2.615382460283437460e+00,1.108187499934992548e+00,1.119390655318891481e+00
8.955528833126109589e-01,1.293311595591098762e+00,6.655419437963250306e-01,1.004036214938070160e+00,1.487543131992539625e+00,-1.118300684400364897e+00
1.419491706937252573e+00,1.465551040651778658e+00,2.514080893864904631e+00,8.967305557770683944e-01,8.458334070571820185e-01,-1.860889528942113680e+00
1.142793662627129336e+00,1.442570582135364043e+00,1.620577520016321493e+00,1.892480882163715794e+00,-6.028851040072182865e-01,-1.914472043405814228e+00
6.228010295016735975e-01,1.626434077616643936e+00,6.072982118270935370e-01,9.300405122032394667e-01,1.048147512246255131e+00,1.333737819442486705e+00
1.256464910209004415e+00,8.509535824486421651e-01,3.491045017328085809e+00,5.447910973350310604e-01,-1.974146791582498950e-01,1.774645031405934770e+00
1.244259073268748406e+00,9.622141434894720957e-01,1.909286864460327582e+00,2.800145957023536969e+00,-6.747275103117134076e-01,1.506168653650222788e-01
1.565814693725713358e+00,1.759908408211099395e+00,1.114741794338548697e+00,5.578045664447092156e-01,1.529457027624816778e-01,-1.064195273936524355e+00
2.092787703266580479e+00,3.017518322559311628e-01,2.316035392981981911e+00,8.622636968789165746e-01,4.379466112800820543e-01,1.938978460400494264e+00
2.779430972852052761e-01,7.477670685267743256e-01,1.861371309818488529e+00,2.028935604027692907e+00,-1.024930874608086517e+00,8.993384458408142379e-01
1.080018534723915291e+00,1.438084460558112454e+00,8.484742103377185263e-01,8.943752903627352202e-01,-1.545068518992874784e-01,1.769627303293742848e+00
1.157817473620802673e+00,-1.110060791200151442e-02,3.349163962759155400e+00,5.278141589656064614e-01,4.837883476005303551e-01,6.762163998630621453e-01
8.468979936858140878e-01,1.413987321303623146e+00,2.063343983615922195e+00,1.943619803884549579e+00,6.431632805957184784e-01,2.490867067258341061e-01
1.115047367682191704e+00,1.381005590156012319e+00,7.148320091783251229e-01,4.688836393457113116e-01,-1.395763502640674947e+00,1.391662907744807498e+00
8.888359286948204208e-01,8.996209655350012602e-01,2.756767957484923315e+00,1.082422243533236239e+00,-1.370669012552016452e+00,2.385631924059012088e-01
1.093280695494142085e+00,1.205025823604128243e+00,1.320963118355011234e+00,3.152471653740742674e+00,6.140770877540937533e-01,-8.379122727022940698e-01
1.099149860063384887e+00,1.059504322903729312e+00,3.644123337908404814e-01,9.313548616493420029e-01,1.450632141035278766e-01,1.167882286301641814e+00
6.646688568554847132e-01,1.188781893160459679e+00,2.852117267088939201e+00,1.128443412745088636e+00,-2.410447007123005247e-02,-8.886574178529491608e-01
1.060910635495718513e+00,1.564741953955959719e+00,2.108616684940797015e+00,3.385581285799712958e+00,-2.915737751792712107e+00,-9.718405025726093438e-01
1.599458939950753500e+00,1.092578208741971979e+00,8.796740694275074768e-01,1.997897564537173931e+00,-5.910787384858753324e-01,-5.164173677884740243e-01
8.123575249549428445e-01,6.806347962728888090e-01,3.531973155053353075e+00,1.009481620447347128e+00,-9.599961802272165556e-01,3.772952341132004284e-01
1.211747177032056477e+00,1.038670034174279611e+00,1.340526329563892727e+00,2.963723746807006787e+00,-5.747084204927050965e-01,-1.094543338806083510e-01
8.280731622144621440e-01,1.021798428417123539e+00,-8.886116210269512372e-02,1.050412825527196947e+00,6.790715998255070218e-01,-8.554371686598812863e-01
6.899995780259353673e-01,1.349016017036109405e+00,2.970747901675059310e+00,1.342617447789628882e+00,-3.002060745195506697e-01,2.158149342056918663e+00
7.764357176070009192e-01,1.612253852402749432e+00,1.920907642092234635e+00,3.698373332928005297e+00,8.742857226105202884e-01,-1.293536631921784252e+00
1.201745820895399941e+00,1.296789261618533473e+00,1.165667833174480972e+00,1.608046748289307715e+00,-7.974093818557169422e-02,5.644855182945970329e-01
4.525440771294790832e-01,1.084691216529334090e+00,2.972435952197229003e+00,5.738514384557665826e-01,1.233471044453156251e+00,1.489863946809908413e-01
1.370278225548137385e+00,5.231496990960327054e-01,1.903659390811686780e+00,2.301233783641967623e+00,-5.305821443551044236e-01,-7.305266436933302021e-01
8.668907469981890213e-01,1.016307273346679363e+00,1.224437365872236949e+00,6.224561541399109554e-01,6.450619849839090980e-01,3.130603740241064692e-01
3.134413398766221492e-01,1.157579696021145965e+00,2.546318325861245402e+00,5.012387931584130207e-01,-5.166479247981496936e-01,-1.890716664357127985e-01
1.423080323792516699e+00,5.702420295840068265e-01,2.189538495651367267e+00,2.584505926013347832e+00,-4.161980151301479802e-01,7.246576582394498312e-01
1.175272989332053708e+00,3.438582943812841242e-01,1.000004365462809908e+00,1.242547443819417730e+00,-6.899606773138657889e-01,4.864144752686151429e-01
9.806522453669744843e-01,1.921138226483526390e-01,3.855341026183518593e+00,9.797576801834646520e-01,8.515189504847082702e-01,4.862493261083112306e-01
1.560708854117832001e+00,1.204450268968413784e+00,1.794668617880123440e+00,2.907746041037255758e+00,-8.342398506717848550e-01,1.344992456622237986e+00
9.876915220621108604e-01,6.124191904154201449e-01,8.597948720038685044e-01,1.344806931554693330e+00,-6.782126793411518140e-01,4.264350744400752791e-01
1.636877965079388320e+00,1.983550874627367344e+00,3.258001869178968946e+00,1.321012465787746226e+00,-7.533347935974722409e-01,-1.744110250641093929e+00
7.100906777662396863e-02,1.618082015226410153e+00,2.308658292396993605e+00,2.896093281547416520e+00,2.257502662458200915e-01,2.870351646948244295e-01
1.813825376574453196e+00,1.169005848287237859e+00,1.645644616526694692e-01,1.774209318947518765e+00,-7.744096055993933414e-02,2.760684972428431583e-01
4.003659838324069575e-01,1.431672658772010776e+00,2.580066882050340737e+00,1.281197089501143971e+00,-6.484108883064816364e-01,-7.374648374587584598e-01
9.095398489609247683e-01,6.980396861033713041e-01,2.179072752557791759e+00,2.182632998395710455e+00,-1.680900986219144577e-01,1.909276809266565955e+00
3.849709321665191197e-01,1.275268747988107743e+00,1.656365560144761329e+00,8.498805305108936281e-01,8.148145412513252417e-01,-5.199917540975634855e-01
1.396403432959673729e+00,6.882346351601041912e-01,2.747550862611630507e+00,6.630411807821678938e-02,5.587132048474233725e-01,-4.783646604432102989e-01
1.260288168536685349e+00,4.278293051884286546e-01,1.686826118700619936e+00,2.765194439180855390e+00,-4.572607871383067568e-01,8.592840082646755473e-01
1.400930515935672416e+00,1.023283649212072710e+00,1.273399908108909351e+00,1.021453100867633523e+00,-5.252646451556335361e-01,-1.675634634184595351e+00
9.067151140463256542e-01,9.491270637354274342e-01,2.903826657400862210e+00,5.192326106575880784e-01,-9.064947005743282382e-01,8.841520620200594982e-02
1.434443078502933844e+00,1.375205819932504125e+00,1.580040778658482026e+00,3.259388590269816088e+00,1.280078211161008450e-01,1.241616518158539684e+00
1.264732662176354605e+00,1.068850604998692999e+00,6.291994262438040941e-01,1.039225202136476511e+00,-7.160257975174191269e-01,7.314657358201054338e-01
1.038910563956352950e+00,1.309190130999262180e+00,2.848854259903883523e+00,1.153489399986982411e+00,4.259667498497841653e-01,-1.490137722155017441e-01
1.116247279589368979e+00,1.341275703432242672e+00,2.014532079770408490e+00,2.144832817416548743e+00,8.358439021819729087e-01,4.921189029137967852e-01
8.449416132409699465e-01,-2.174188820535694067e-01,1.447377224939839335e+00,8.295702450238295889e-01,-8.623084869368737859e-01,1.071683929782794031e+00
1.519412300929706916e+00,2.093489823487129087e+00,4.020782759073310508e+00,7.782809587171679588e-01,-1.220901919896133281e+00,5.961543309032954485e-02
1.220682221784290977e+00,9.499223833582500776e-01,2.464013132382330440e+00,2.490969264453495757e+00,2.444161989235141535e-03,4.246357208598569022e-01
9.317776280519834975e-01,9.404729061125950418e-01,8.319955265854483972e-01,9.666956623665579063e-01,-7.254334803985122981e-01,-3.494338555209060282e-02
1.008704704150002351e+00,4.389906356265558252e-01,2.926673592221053166e+00,1.166194482904713059e+00,-1.406200270159182475e-01,9.970883670936514509e-01
7.414527710398860494e-01,5.014865861748685205e-01,2.535395098664986691e+00,2.594714105247418967e+00,-7.959146932233902572e-01,7.274552915143461806e-02
1.124399580693885348e+00,8.516794238145686258e-01,1.193865452409579753e+00,1.571708571982350922e+00,-2.612404846720185470e-01,-1.298046637669482362e+00
1.247605661988980152e+00,9.126484201287494713e-01,3.083414959591062043e+00,9.291482970184188339e-01,2.676112467653688931e+00,-7.121902716056102700e-02
1.493167593910621038e+00,1.106766950667720906e+00,2.790806652364094198e+00,2.328500212444836848e+00,-1.486658070920760855e+00,1.408626958848959942e+00
2.095349864484866487e+00,5.181953855445375901e-02,7.161627859413223218e-01,1.227361711629126662e+00,-1.070585499152503228e+00,3.708699720302600089e-01
6.765416558725459995e-01,1.450743445824355549e+00,2.515699179052709678e+00,5.721840616247437783e-01,8.628320949627664715e-01,-6.484320227760581590e-01
2.264162853403199005e+00,8.756826111422699732e-01,1.023206098280837528e+00,1.821932617327081783e+00,-4.308900553856016558e-01,-5.402702637905539840e-01
1.021834496589194563e+00,8.868428787431974492e-01,1.096650016206272671e+00,1.688032721609545872e-01,-1.293610097510540791e-01,-1.622461170469618130e+00
1.665728556293796014e+00,8.563460682619905562e-01,2.917991430984325341e+00,4.813185878304914178e-01,-1.235636624106122516e+00,-1.407864421846236891e-01
1.340034919939052216e+00,8.400992005506644489e-01,1.269305026573277040e+00,2.763808752598955643e+00,1.038952117354455584e+00,6.317441774290869505e-01
3.637206223770028668e-01,1.156773860231716133e+00,8.124759683641020747e-01,9.408207175415552737e-01,1.729417429210297064e+00,6.940522720694241032e-01
1.251592406717663142e+00,1.646612941266131003e+00,2.705837045623099346e+00,4.403352586294771998e-01,-5.111289925529139966e-01,-1.228434056130392887e-01
9.447764867913418518e-01,6.913189681438195455e-01,2.809074233573111812e+00,2.412776395400412444e+00,-2.030393553778297999e+00,-9.607751102139338029e-01
1.281380548309513090e+00,1.120368546118866160e+00,9.823036508318274684e-01,1.145793167590322570e+00,-1.020359278803985470e+00,2.705934249706647976e-01
1.140332538561319442e+00,9.634436481263610741e-01,3.502884023208359565e+00,3.301456750959802511e-01,6.478297974098579104e-01,-5.603734188841619224e-01
1.580169284996884915e+00,1.184746358187861892e+00,1.403256702149944912e+00,2.805411721597081520e+00,-5.885016196794289334e-01,-1.546555822811077840e+00
1.952329354170490472e+00,1.555528349280252298e+00,8.753979339659545555e-02,1.020686098815929865e+00,-1.277620578858594258e-01,2.481680271468232057e-01
1.329524898050105097e+00,1.862808296918713191e-01,3.850607961135079194e+00,7.404448147843604167e-01,4.457809586531427115e-01,-7.827090434474639480e-01
1.301159640147814489e+00,1.210141101823529741e+00,2.202901601222755357e+00,2.329538000026691424e+00,1.988489679810551136e+00,1.195058335971275865e+00
1.405475836401777867e+00,1.522221047353629508e+00,6.969342684806167920e-01,3.562632973492625421e-01,-9.523759870062421806e-02,-5.271877793339599938e-01
7.995609041055367072e-01,1.412002809225203936e+00,2.528227368324715396e+00,4.710548980548904252e-01,-3.215846930921834601e-01,1.511303716529916741e-01
7.188472844904550962e-01,1.977439037504517216e+00,2.182440054048159439e+00,2.502866731457797922e+00,-1.862771555695904441e-02,4.835287874083069593e-01
3.340241667413759163e-01,1.196557198006082956e-01,1.234472491572720099e+00,1.328827022909804034e+00,7.689651576916864961e-01,1.366242843558918452e+00
1.746393670879499149e-01,5.547222079184757071e-01,3.348594077736874564e+00,1.459108560605081761e+00,1.147264793112610981e+00,-1.102291554019236008e-01
4.404423007201360152e-01,1.978039451851820951e+00,1.485607019682845031e+00,2.806617577474338709e+00,3.882504142848945961e-01,-3.871271811779627980e-01
8.367502509609079375e-01,3.286621053112820379e-01,7.078575989794133605e-01,1.376757902733043881e+00,-5.872203123283119552e-01,1.910826851356365763e+00
1.557191488389896072e+00,7.067380305892037029e-01,2.620465026269201303e+00,1.148269038080673266e+00,-4.598461502180989924e-01,1.990737812322245226e+00
3.815733117293013121e-01,1.437919463824649746e+00,1.774260720515549616e+00,2.075286221136443565e+00,-3.490353929825301682e-01,2.528250912215497248e-01
1.311681088289016417e+00,7.825216585223861987e-01,8.293806424473416650e-01,1.029734788841476956e+00,1.089409548186299093e+00,2.392202180891482913e-02
1.703770000120614192e+00,1.064550789855362778e+00,2.933100713326631137e+00,8.915772675199330477e-01,3.931252812580667277e-01,-2.413847998093562597e-01
1.808474799428650082e+00,1.251370440999952205e+00,1.894312966600760539e+00,3.201233154889420174e+00,-4.755248578132476589e-01,-1.657770231314379394e-01
1.779402770309929771e+00,1.054701348212714107e+00,5.086290049980559669e-01,1.708604153513854973e+00,-6.497174207470244323e-01,1.631382953958593562e+00
3.901278015104836516e-01,2.224684324530698643e+00,3.067617432402922173e+00,1.342149473388512426e+00,-1.676986027664640333e-01,1.722669197846699252e+00
7.271129160087161925e-01,9.005810685555516448e-01,2.877598385232289946e+00,3.126160227884843490e+00,-2.685108677799625365e+00,1.842079471465135274e-02
6.498007475393726695e-01,8.983027755177207530e-01,-1.893419534396683090e-01,9.591011436991669914e-01,5.619516724220859905e-01,-2.938212378376099942e-01
1.121334720540897223e+00,1.100915089437002115e+00,2.142856774348980142e+00,3.902692266128937604e-03,1.094653079198752987e+00,6.396923552031146265e-01
1.330510143799346512e+00,1.896079104487783606e+00,1.778628186819587897e+00,2.040636024506450763e+00,-2.746001203219026743e-01,4.350092581717442952e-01
9.397677141057463324e-01,3.834396322767866794e-01,1.310866937875575733e+00,9.060611457962497450e-02,2.811878375005873565e+00,2.519951266832266557e-01
4.088409367451831811e-01,6.671227409004367725e-01,3.092434532161497884e+00,9.683031300159844479e-01,2.995023312069632904e-01,-4.399913112279651428e-01
1.629020961905339737e-01,1.412514912219492880e+00,2.153815862264929493e+00,2.427549897100317100e+00,1.334970410228064064e-01,-1.289261193811731321e+00
7.508932181844609755e-01,8.445075108485745607e-01,9.152667688912428101e-01,9.654667630277959933e-01,-1.982902566629640984e-01,2.457587626290850924e+00
9.990542585809981668e-01,3.016897877022840513e-01,3.306233967768081428e+00,2.363653217464612988e-01,1.067215550736304586e+00,6.414206555940480392e-01
5.693418196119790498e-01,1.337355762843986273e+00,2.062177236202438202e+00,1.994467922391942816e+00,1.103921664604996078e+00,1.881754991107485342e+00
1.309269565393146539e+00,7.784140346496810636e-01,1.368818396281093808e+00,1.558217788169703244e+00,5.935881147911207245e-01,2.070878525776085777e+00
1.905267457062728154e+00,3.471365387211312603e-01,2.558792632935983580e+00,1.690290435995349672e+00,1.069798358456993226e+00,1.665195100182665922e-01
8.275063949225103244e-01,8.845801284322653002e-01,1.603670758640453720e+00,2.018846347834789778e+00,1.719476555288636632e+00,-2.359214738012778145e+00
-3.965425000732700767e-01,1.968764406808039880e+00,8.193738860347427044e-01,3.808244291016885663e-01,-5.713489619287757115e-01,2.657870467480050736e-01
1.183166007270029185e+00,4.777053090461041984e-01,2.414029205671615941e+00,1.162532613291100692e+00,-9.120909131338854614e-01,-1.560584028294994263e-01
2.025586721428722203e+00,1.292831000086191118e+00,2.345563617744723217e+00,2.975083639844267047e+00,-6.387908963776367521e-01,-6.544152115856667340e-01
1.214763070010982160e+00,6.965008008999769018e-01,1.611446269829358569e+00,1.544655012866845922e+00,2.711926334530005089e+00,6.274738890733787544e-01
1.053111362017608910e+00,2.371598418853211321e-01,2.644522236103168833e+00,8.187504714090166891e-01,-5.394784919048745131e-02,1.315167224274880198e+00
1.397513047212422421e+00,8.127808405783896184e-01,1.694721445163336782e+00,2.760552826239749624e+00,-2.373374755310917461e-01,8.853396751707910406e-01
1.067024098277311595e+00,1.601027431099852905e+00,7.933849271121169444e-01,1.156922105060546713e+00,3.508158409625479757e-01,1.626573604958714947e+00
1.142374055424528967e+00,1.131233722731634250e+00,2.383847921727046515e+00,1.530417092691663150e+00,-1.419871306328182925e+00,7.657210720237915824e-01
1.138249652411091883e+00,6.333641980523435633e-01,2.286905418640282850e+00,2.169092408080380618e+00,1.222497453650573107e-01,-1.157383375664240210e+00
1.418002359717134286e+00,1.771679555402241757e+00,1.170775771563828949e+00,1.253246076210806637e+00,1.065420181582665826e+00,-8.723756613294301188e-01
1.379402830048965356e+00,1.442454407232441671e+00,2.148585301475652187e+00,4.641753334991397528e-01,1.619238484596983385e+00,5.130930084025072668e-01
5.613592405409058017e-01,5.661063885635371218e-01,2.004416712318604077e+00,2.863778597994628417e+00,6.954839830855625848e-01,8.045738824723000504e-02
2.795619878540800407e-01,1.616126535414218024e+00,1.091324584479959503e+00,1.629093684009659260e+00,9.045284867587319866e-01,-1.865651172484838138e+00
8.729100661963158370e-01,1.699921971240492935e+00,2.593006271821788111e+00,1.526126309450852592e+00,7.472779394993724067e-02,-6.282508068041003924e-01
6.090441586565996657e-01,7.812455085857095138e-01,1.546229053283838750e+00,3.057354134511447441e+00,2.826603073765431851e-01,-4.715690665315173252e-02
1.047712543595628931e+00,1.460725034329755756e+00,2.227608812108524683e-01,1.465470622478348472e+00,6.165778833156857486e-01,-8.376314467621395199e-01
1.030375097899753456e+00,1.105562377503858329e+00,3.133811079373904462e+00,1.303777516989226060e+00,1.839151887187318479e+00,2.315858597250451734e+00
1.008263783652807888e+00,1.088593860137980318e+00,1.907797860361755360e+00,2.526549995452590291e+00,-2.082834180827509152e-01,-1.497318581762360247e-02
4.417649910576277872e-01,1.040463550486639299e+00,1.170152237786803218e+00,9.028941557547528474e-01,2.875576503663561101e-01,1.264085750377661688e+00
9.067105032442668300e-01,9.715877595570763248e-01,2.992101903802496743e+00,1.105560709821609588e+00,1.896900955803636268e+00,-1.205802790808514935e+00
1.246168277968324301e+00,6.596609294955571023e-01,1.890723755972052889e+00,1.837331618728103466e+00,-6.151085644145125597e-01,-1.062156123427830057e+00
9.577459862976851479e-01,8.513190586132481918e-01,1.524819240874381698e+00,-4.809120947226763754e-02,-1.112781150438829192e+00,-1.639296247316982980e+00
1.208651002487431292e+00,1.392385325507794702e+00,3.220939558146909576e+00,1.691516385649679766e+00,3.628034862171354846e-01,-1.159036465021206608e+00
5.222873688131554060e-01,1.292955215551307768e+00,2.151622170457907046e+00,2.496946651787297355e+00,1.503261952705486237e+00,9.083187163404699005e-01
2.032891660109417131e+00,2.644215370836875412e-01,1.519448202124652259e+00,1.172659351812407547e+00,-1.029709525313276863e+00,-1.030208617706557916e+00
5.849140523424429805e-01,5.597112000779145280e-01,3.110398033937602502e+00,3.431434938174101612e-01,-6.123844176841135578e-01,1.399965496021864819e+00
8.604511392283549220e-01,1.811424542977000396e+00,1.816581273087568782e+00,2.401638872914467093e+00,-8.496073597130112676e-01,-1.493549667789038526e+00
1.006676338173588370e+00,6.526532023563869078e-01,4.932473944982788128e-01,1.193684878552280892e+00,-4.942388525533883414e-02,3.733899440013610516e-01
1.310901752152786148e+00,7.000977344645762379e-01,3.512998689643838990e+00,1.042734382618689004e+00,-6.572574850828105664e-01,1.619430806640704823e+00
1.561706081010967750e+00,1.152633520122005262e+00,2.186626358181291252e+00,2.434073075748374837e+00,2.404567804145877341e-01,4.530377867748748844e-01
1.694389698185134296e+00,6.693278784234906187e-01,8.640084103608857147e-01,2.156179013374736719e+00,-8.555327209832657154e-01,-3.972983859508906479e-02
2.515428556186015463e+00,1.412292312516728821e+00,2.504738345426378743e+00,9.211624409333882824e-01,-1.565188142280830585e-01,-2.272244114620856514e+00
1.327290076293350163e+00,9.744057761961678610e-01,1.762868232111251654e+00,2.535969567856036999e+00,2.876572287108611903e-01,-1.794807035322322220e+00
6.372014404327862591e-01,5.661156611882047773e-01,1.820785745931106092e+00,1.197082502343178811e+00,-2.878564561215824977e-02,-1.473942826818238849e+00
9.320113369497053935e-01,6.013651072534351716e-01,2.560498304871876574e+00,1.933192885231936220e+00,2.019650642095354165e+00,3.262622729486563400e-01
1.141337856124210237e+00,5.869512840763398964e-01,2.337271040205707084e+00,2.516066274736102670e+00,8.613576138837738538e-01,9.190081310452453689e-01
1.310541350419504258e+00,1.478060852062348163e+00,6.783399034984189946e-01,7.390890614911718171e-01,-1.324488697294861739e+00,-2.281792314960537471e+00
6.470797462988580051e-01,1.596343033877346773e+00,2.845879609139964295e+00,1.046429476686407956e-01,-3.295781528443635922e-01,8.971497471863670858e-01
8.810290321239087064e-01,1.577643943044112707e+00,1.643936855746163106e+00,2.871580176773477433e+00,9.103451157733451204e-02,7.854322470770905840e-01
1.219083173645618690e+00,1.561164160828546255e+00,8.546333869754563217e-01,7.494555121422512567e-01,9.366325730102084135e-01,-1.492397101020629835e+00
5.014901022351587745e-01,9.466030066103874319e-01,3.135610561020504949e+00,6.288686868820905218e-01,2.876837237184459162e-01,1.966474627915336670e+00
1.725714630295467789e+00,6.909815761592106309e-01,1.867442057135262568e+00,2.761780994404514633e+00,-5.705322951029476730e-01,-2.029072125738085042e+00
-1.860061284039749019e-02,2.870540926177223007e-02,5.965032918724910704e-01,7.357091638465177441e-01,-2.319045531976050289e-01,-4.646687211489007319e-01
-2.532203263380305991e-01,-5.708196095841300277e-02,3.576355200213047869e+00,1.060340501061959539e+00,4.183810226186713277e-01,-8.924063346634243388e-01
7.941804184057587035e-01,1.639264041420860796e+00,1.934722730968450710e+00,2.077696972899027106e+00,9.071677302864654402e-02,-2.217417611036651692e+00
7.788853602434135937e-01,1.161763676800716016e+00,8.764887762671947913e-01,7.688424954278316736e-01,8.539633716563882482e-01,1.586866543066281388e+00
9.450042549181966178e-01,1.004274472718012401e+00,2.204585612234586378e+00,7.760392373780142794e-01,1.297877613858457790e+00,-1.515215658427795820e+00
9.159005801276419723e-01,9.129098278460046068e-01,1.429752330110956704e+00,2.097284016875950119e+00,3.191961758756038936e-01,-2.983970204881963628e+00
1.230582049988508730e+00,4.120086642793423515e-01,6.875810767088119668e-01,5.845869026028271964e-01,2.831859217804899020e-01,-6.436017188922020515e-02
1.505063588667362229e+00,1.460008966623881577e+00,2.513359352331510532e+00,6.610766931751121955e-01,-9.957942444575172969e-01,3.437945184982995062e-01
9.024713295620494513e-01,1.402696712116090705e+00,1.895288961925240656e+00,1.492568515617747060e+00,1.380146550080369461e-01,9.395028541954217882e-01
6.493277868714115719e-01,7.313884880623308105e-01,2.140590653568312796e+00,3.411768950570627235e-01,1.273085242395576022e-01,2.350270128644230405e-01
1.078131925135041635e+00,9.048894874575692526e-01,2.712108528616110181e+00,1.016442488955587864e-01,-1.945072262173743072e+00,-1.159722950990107915e+00
7.756309836641885891e-01,6.637759806067018431e-01,2.171286644109688080e+00,2.991759927342328318e+00,-4.758993869095290985e-01,2.968445307701741420e-01
7.212526391069783438e-01,1.469584372098243996e+00,5.432094458666060222e-01,1.193373236113814295e+00,-6.298778957334841277e-03,1.500890356901031231e+00
2.833829716582358937e-02,1.176247182184666507e+00,3.087771434525486303e+00,6.082872350802519534e-01,-8.701591900376577371e-01,-2.396320734654707740e-01
8.817815240935066301e-01,1.363906749999824530e+00,1.891701854326459875e+00,2.003812937690127249e+00,2.550806947827812254e-01,-2.314974096267060910e-01
1.257536806819682829e+00,-3.912672338264613359e-01,8.552905934289494194e-01,1.189540171466419771e+00,4.955803951768904536e-01,-5.705628240048720157e-01
1.292323305238713083e+00,1.162137121724210465e+00,2.600365812635412777e+00,1.336260955720611321e+00,1.420342305159296936e+00,-3.195901409328919529e-01
1.010931418313276264e+00,7.656630918610543013e-01,1.254505165024281332e+00,2.600765184456475421e+00,1.115945184581824012e+00,-3.030336720111428614e-02
1.426640610977811141e+00,7.934853451444838779e-01,1.357404159031247781e+00,1.564657996102866155e+00,1.491522346327861070e+00,-1.398116010837693990e+00
1.917358813324843370e+00,1.282191427747156887e+00,3.848333889058806800e+00,7.186672511173397560e-01,5.167975541033187348e-01,-4.325763761498779281e-01
2.068914033719741141e+00,6.072330015398822445e-01,2.184241129241406121e+00,2.525753085847389556e+00,2.314007610214845467e-01,1.192805165554871927e+00
1.220371798835740984e-01,1.357394798742907582e+00,1.336288903906970527e+00,5.555765776719620019e-01,-1.139096798811447986e+00,-1.322029734726975603e+00
1.426352030862643172e+00,1.017680048527378700e+00,3.810389283940587291e+00,8.041000478160442722e-02,-9.983668786197869016e-01,2.543875743021133951e-01
2.306033771276784217e-01,7.760524076419407224e-01,2.311422173960238524e+00,2.199284445865313575e+00,-1.886836925360804829e+00,9.659373437643208049e-02
1.308992766960167309e+00,9.079118371731272896e-01,1.496023954782363941e+00,2.107047969761816075e-01,-1.286229327627375074e+00,-1.143721826337126934e+00
9.420074072638018325e-01,9.122705156691237605e-01,3.251649275772265035e+00,7.396900437235135461e-01,-3.691777451833974655e-01,3.805975845803017399e-01
5.330426721867493889e-01,7.334898369582003586e-01,1.887058047974950137e+00,2.623319636501324048e+00,-6.264145034858771277e-01,-4.920438931424284679e-01
2.867222897397340153e-01,1.883979974155513215e+00,9.488292403533911124e-01,7.772097275509570746e-01,-4.184422818082224327e-02,-2.727355361361260000e-01
7.623135624310088954e-01,1.238805090908778661e+00,2.966904863528867065e+00,5.588254141192656732e-01,-2.676521365040515299e+00,-4.301006070770127532e-01
4.890570276793453353e-01,1.397264119800541105e+00,1.898915611834567363e+00,2.717882571044672790e+00,8.496405782088994885e-02,1.097779487540631260e+00
6.341951118234923079e-02,1.460307559027478108e+00,5.255962488597769600e-01,1.264601312071575778e+00,2.046332776364760520e+00,6.669878495916979899e-01
9.823160375606445616e-01,2.055302526800354634e+00,2.734032012933683475e+00,8.592118639151062887e-01,7.909219271105895344e-02,-9.647634673094591662e-01
2.346732963577990994e+00,1.038190240079795990e+00,2.221633868170817205e+00,2.378437896762703563e+00,8.905337079807078282e-02,7.788969022802446629e-01
3.183615906941932305e+00,1.616449596188118676e+00,9.180451687410301487e-01,1.456092900408853197e+00,1.264644911519255954e+00,-8.805113340514015841e-01
2.788571519304612334e+00,1.043232203262143720e+00,2.844843477351604477e+00,1.184003134286828907e+00,2.364055956309504269e-01,8.156044659893861848e-01
1.928766635461315770e+00,5.849155679886459680e-01,1.568901651009902531e+00,2.176048574214917153e+00,1.860811669176094307e+00,2.555904857352462312e-01
3.225807975277620976e+00,1.552087163151606664e+00,3.370212834583602435e-01,1.378482184065068061e+00,-5.415037160877010924e-01,-6.895996570906167689e-01
2.859131865467193556e+00,2.028177761599146756e+00,4.040393639428790706e+00,7.164428210517069795e-01,-3.574407287284347978e-01,-6.519202039299426543e-01
3.880124613224546604e+00,9.696737541125950433e-01,2.489941392783949770e+00,1.961479713038497330e+00,8.265358482036481158e-01,1.069305722530698777e+00
1.793248499413106156e+00,1.112168120970062901e-01,1.222685604094908340e+00,1.056574387084579625e+00,7.248568222914945069e-01,1.192186243069139451e+00
2.611070586686293549e+00,1.557920553962084398e+00,2.930945765552814386e+00,2.176942644792891901e-01,-4.537685382981797022e-01,3.803350586809526312e-01
3.155136143891883460e+00,-4.712390811140609870e-02,2.026712494388576147e+00,2.054429845223971540e+00,-3.846631756305158856e-01,4.365868825309068141e-02
2.885617085564918582e+00,1.806680687281557729e+00,3.654886320875869732e-01,8.874031912699990032e-01,1.224985742468970962e+00,-2.973531181966546089e-02
2.812597656348673425e+00,6.250151913621668776e-01,1.873209883723619518e+00,1.622146751090670858e+00,-1.864805797654663255e+00,-2.528159876168671327e-01
4.027312051259057668e+00,1.026704768399173906e+00,3.031773319911243103e+00,2.216224570761484269e+00,-7.128497956872801300e-01,-1.508917119792428485e+00
2.760421450606960203e+00,1.175083579414139434e+00,3.083060860279406290e-01,6.860973964055383512e-02,-7.903656891853947375e-01,9.606248032998536690e-01
3.008582363187044084e+00,7.854288608824531170e-01,2.405498197782474978e+00,6.665591467902098888e-01,1.680910648905285187e+00,-4.890060417661772352e-01
3.604228164275981250e+00,1.557850901392243248e+00,2.283404089404567738e+00,2.066873740723456088e+00,1.002535836763283505e+00,1.178222101472418126e+00
3.420430779070551708e+00,9.485563912132312092e-01,2.466746733155480875e+00,1.434182381667046036e+00,-1.159792267871359916e+00,-3.936270474717830370e-02
3.573450188199741362e+00,9.751487104206620904e-01,3.009508141086658206e+00,1.407374697026547938e+00,-4.446017087362048176e-02,1.723856788314222788e-01
3.233321633614420598e+00,1.516843433969750521e+00,3.427461632993090035e+00,1.902421178888620279e+00,-1.593750810381870053e+00,-3.491422391255915025e-01
3.404422180132840925e+00,1.894877341603135701e+00,1.801671894788561934e+00,8.081394113118436362e-01,1.057821207062287217e+00,1.262203199173470125e+00
3.225642008020085605e+00,1.579700070658813793e-01,3.140995750134733644e+00,1.834593681427195921e+00,1.831362081018575116e+00,-3.375090455172517490e-01
2.419914947508861935e+00,1.675053409340863109e+00,2.159402944030667459e+00,1.939612431508379142e+00,1.869507556296726047e+00,6.659051116898647704e-01
2.834358415033686018e+00,1.193269572566545644e+00,1.311349201641834217e+00,1.311894038685143205e+00,-1.359201167724176207e+00,7.616092820538555852e-01
2.574272171734586667e+00,1.500440711840150598e+00,2.918384581724686733e+00,1.823744367744376538e-01,-3.522800342508774496e-01,5.190762641226175367e-01
2.807583875583604893e+00,1.729054119304759940e+00,2.366360433561478516e+00,1.938383703978068029e+00,-1.025239425467527055e-01,1.208238640867651759e+00
2.733882989550911358e+00,1.559066698358847702e+00,1.269006049780191159e+00,1.001636574000116520e+00,2.565601594198078650e-01,-2.825050181012942474e-01
3.337198052410434546e+00,6.388040472929246150e-01,3.062142885931372849e+00,1.053419737622920183e+00,9.649657684384547185e-01,2.562217764227604500e-01
3.549498166373589392e+00,5.491827547620009575e-01,1.801655644213076668e+00,1.786634210180726434e+00,-4.129564007826724281e-01,1.277274362055845769e+00
2.588766405547874072e+00,1.360855646056346346e+00,8.979245888359600469e-01,7.444125872258056109e-02,-4.083452424507089118e-01,-6.371348630610885744e-01
2.687328999267005969e+00,7.030784663727451811e-01,2.633777144363829592e+00,8.512391983631096837e-01,-5.395746120322970629e-01,-1.465472088098515924e+00
2.828049645394803857e+00,4.999154050637421021e-01,1.822140578869868799e+00,2.500281156081623379e+00,-5.532071694777039861e-01,1.860877692037855802e+00
3.522497204836948725e+00,1.304257349242424757e+00,1.272864730654958310e+00,1.189393571530144911e+00,-9.082839352408410560e-01,8.418903741827321943e-03
2.965335651654758653e+00,9.458039664132300572e-01,2.737759334073280204e+00,1.775699290834825250e+00,-1.108183349538650386e+00,-6.113531517758014067e-01
3.225077756383589289e+00,1.882667550259535805e+00,2.778699294697152489e+00,1.470052412234592154e+00,1.518692158949673132e+00,8.963557358944690412e-01
3.435484901266121049e+00,7.457714328622996325e-01,1.499934145428253984e+00,8.773552094019235748e-01,-6.102503502420689729e-01,6.220116083705234077e-03
3.388709602624431216e+00,9.406144139484553524e-01,2.725969172747733538e+00,3.768337854562354705e-01,-8.260039618975794085e-01,-7.842053522580002545e-01
2.900500908098137653e+00,1.933235687576062567e+00,2.243691965773786823e+00,2.518752091380989100e+00,-9.148221980385752294e-01,-8.971397769002416034e-01
2.790531051160938247e+00,7.604075424362970459e-01,1.778962091492318098e+00,7.998715241685053767e-01,3.259492731181738989e-01,5.967931667523977968e-01
2.023947356377383766e+00,2.988354272734315975e-01,3.124966574968492061e+00,1.850734026081242156e-01,4.882424926364187234e-01,-1.694368568634114780e-01
3.225561469367299150e+00,6.525395494073804592e-01,1.727685293146706602e+00,2.405103896499815708e+00,-1.358045200357091309e+00,-6.711047163915181968e-02
3.257706900891620627e+00,4.425644738170315673e-01,4.385558797950379617e-01,1.419559548597950638e+00,-9.242937418378227576e-01,8.813011325194829437e-01
2.616345086834132694e+00,1.337285353478001815e+00,3.190968012534634912e+00,1.182010454604856875e+00,5.564429446195540141e-01,7.468915307081104293e-01
3.730446190231539116e+00,1.296236400712009962e+00,2.174725688757565667e+00,2.483220412513908570e+00,-3.483683164728479387e-01,-1.811019173528642945e+00
3.598915420860625325e+00,1.852297085686203548e+00,7.905491853240065314e-01,4.388720201092487505e-01,9.578963935854921674e-01,1.226321334943293762e+00
3.520044576577047835e+00,5.407799808499870187e-01,2.622413876004084710e+00,7.496408344643283872e-01,-1.483316608445911067e+00,1.379160442317949042e-01
2.947327643746228798e+00,1.315097835342455390e+00,1.980299602610662513e+00,2.150897737197738024e+00,1.193252579161759197e+00,-1.075723549613639474e+00
2.792576549355882065e+00,1.225973018660611480e+00,1.055822831703628895e+00,1.338318043397955348e+00,1.767682775869888312e+00,-3.490324565207251206e-01
2.210421857302767190e+00,5.856860105717971443e-01,2.731439110325804887e+00,1.722193266623715857e+00,-1.075390110352028028e+00,1.371658040929700562e+00
3.264439872792586961e+00,-1.185432555562353496e-01,1.820655320644066544e+00,2.716443537712823542e+00,2.945321365101951083e-01,-6.531381615693331311e-01
2.446143748857723565e+00,9.911408410449288331e-01,1.107975084510468555e+00,1.222455512949531586e+00,8.797879528914013259e-01,-1.955767128369703123e+00
2.140302762690238225e+00,1.028560498041046101e+00,3.176628449740272142e+00,4.616382500183463522e-01,1.815306376826744561e+00,-8.162500603504508900e-01
2.600226254654120162e+00,8.542027022495836119e-01,1.587470668176841571e+00,2.267907465054575855e+00,2.859842730696600110e-01,-3.986161702554535946e-01
2.870508573299733968e+00,1.094646598779328794e+00,2.837463201096079857e+00,1.367216419882739897e+00,4.362321147585956904e-01,8.879257228203043528e-01
2.718105632708848418e+00,1.044843203661295128e+00,2.442113368572017329e+00,9.653202628860774182e-01,-8.238861049750625387e-01,7.863629178835217504e-01
2.699421599675308148e+00,1.278036755038692629e+00,2.032838125832495013e+00,2.645777568586186845e+00,-2.940332476891753810e-01,-6.878595098340831715e-01
3.846904556644040518e+00,1.098434889625145683e+00,1.685024038504258748e+00,1.119027713937950086e-01,-2.240436072061289530e-01,-1.004608605388088050e+00
3.084934627673785901e+00,4.179960144193989313e-01,2.994034281835301847e+00,6.563953970431579688e-01,-7.956675731322598866e-01,9.491338398560336120e-01
3.346683112830192375e+00,6.209663357218838664e-01,2.172623587205777529e+00,2.409667887375705586e+00,-1.508230423766576123e-01,1.141533097910537586e+00
2.595576401763935781e+00,1.278719726429016657e+00,1.163256895637411414e+00,1.346180009370833819e+00,4.317569943284358391e-01,-1.025968296352480325e+00
3.090519372178935242e+00,1.553587725474531167e+00,3.130243808744258782e+00,9.117509171857253181e-01,-1.897871427616133033e+00,-6.872418180886369354e-01
3.721438464248154609e+00,7.301592188987537924e-01,1.090165750659447541e+00,2.840546479883526931e+00,2.641264893763635158e-01,8.812919913161718771e-03
3.064188495077972085e+00,1.880207591787661059e+00,8.369999949553443841e-01,6.082500682090836719e-01,-8.300956206129542769e-01,1.012812300256443310e+00
3.483269625114528534e+00,1.356524525151634464e+00,3.481572859307354051e+00,1.195615802498935398e+00,-1.745723504304490081e+00,-1.258646587185987320e+00
3.653103032567724284e+00,6.976985154178120263e-01,2.447871594302617915e+00,3.034201184828140718e+00,1.272951023462421949e-01,2.193763152697993046e+00
3.318291704707315493e+00,1.704626694682004118e+00,1.177329205854496852e+00,8.592988053933343640e-01,4.139341282159949564e-01,-1.005239659647385819e+00
3.810456142810873637e+00,5.969075913088879304e-01,2.958320647107385959e+00,1.060656213237186396e+00,5.926571399940502305e-01,6.833965742558979484e-01
2.874162896184287774e+00,1.191357586862181961e+00,2.151811024996099775e+00,2.877176819281938691e+00,9.378569275311084974e-01,-4.098645338771834679e-01
2.855501328495091862e+00,8.040918800959757640e-01,7.344644309308960839e-01,1.514072281918401597e+00,-7.997264392764735774e-01,1.182172793509508185e-01
3.342000664090976514e+00,8.232950085664928475e-01,2.605240614124279208e+00,1.395669632186506748e+00,4.152748790847775040e-01,1.598235247878030174e+00
2.106043554400142348e+00,1.180923657919784153e+00,1.867099396324806149e+00,2.001664760415405198e+00,2.089648874862083616e+00,-7.330699337683964645e-01
2.787753604714536149e+00,6.342345091348333685e-01,1.597283348171756323e+00,1.135339953535973168e+00,-5.229716269989916899e-01,-6.357308059048101534e-02
2.217130924672047421e+00,1.506911233485852764e+00,3.171374245915608014e+00,8.135145473790218462e-01,-2.497721065944958629e-01,4.857901771702392013e-01
1.886443684074992744e+00,1.503331976388521118e-01,1.921589692029576746e+00,2.388334078443317132e+00,4.857372050946591746e-01,2.578969838252818114e-01
2.862076968719428294e+00,1.614477792825348645e+00,7.968631279161757508e-01,1.230033577977616366e+00,1.344071291030791482e+00,-1.585109244197085709e-01
3.654852952841326719e+00,4.225086825353178144e-01,3.052680218553571745e+00,7.599870333827709601e-01,-1.050807939156346960e+00,-1.560601227077339725e+00
2.911183902008224411e+00,2.447718124562155984e-01,2.443483963322778951e+00,2.854636230191854640e+00,-1.028139874651682772e+00,-1.044257921163790126e+00
3.505603531887454327e+00,2.617186697399098705e-01,1.370945087072368285e+00,1.282022717387257815e+00,-1.883423830750045269e+00,6.631877698390687970e-01
2.928402127496381180e+00,1.516491889474875565e+00,4.112302756606101894e+00,7.981452000151934012e-01,1.852678352782834714e-01,-4.227927274428080473e-01
2.888792985735045615e+00,1.735080171912870117e+00,1.766261537983917940e+00,2.308139883193609965e+00,-8.898889790474424633e-01,-1.580945376312574258e+00
2.564995888404574043e+00,1.184595234773436978e+00,3.500357036185294257e-01,8.488338544456170975e-01,-9.197195967730545929e-01,1.847909056618506574e+00
3.426641092911866693e+00,9.301441347794637826e-01,3.232030569791352281e+00,1.162986102754275164e+00,-2.210791639578564727e+00,1.418105173834957600e-01
3.693157132123159325e+00,1.274064792344096642e+00,1.976358169817568289e+00,2.528171180877615498e+00,7.436369707501894188e-01,1.361322297175993901e-01
2.181275203495829373e+00,2.979301352018981497e+00,1.160609308575386578e+00,1.278265428747678234e+00,-3.168049208137305173e-01,7.680739433491228230e-01
3.324321822045333441e+00,1.053671646911794824e+00,2.642967594418815125e+00,1.002530243797751242e+00,-1.103328259880153928e+00,5.555449953690028142e-01
2.300593590666761834e+00,1.040883909402808172e+00,2.628124797866839835e+00,2.275716798462089852e+00,1.430697371708930188e+00,-1.041374386501150440e+00
2.770028584579656616e+00,1.322176833015161090e+00,1.429674748044782229e+00,1.339153529677002297e+00,-8.198334064279025890e-01,1.359403752325964998e-01
3.185835145605932617e+00,1.926504742534689507e+00,2.856473635389549237e+00,1.111585851702632244e+00,9.895727958115563272e-01,1.339148296752619149e+00
3.071125686263159071e+00,1.256752739994273727e+00,2.568965093439678160e+00,1.873072222642431006e+00,6.806269535179036989e-01,-6.695027738712112653e-01
3.186228425755721183e+00,9.257550984703031283e-01,4.927173527618191606e-01,6.836317613408274818e-01,-1.114412712067682332e+00,2.429785760406309725e-01
2.908299901339987947e+00,1.550500101334240988e+00,3.114624597354064051e+00,1.343292373143070373e+00,3.982576269167132366e-01,-1.100552311194592958e+00
3.390013567669314831e+00,6.852791979731099881e-01,1.689980087821779442e+00,3.236952180319478067e+00,5.979048537364332894e-02,3.322374653550930756e-01
2.443281948513504886e+00,9.662949875265728350e-01,4.537602714290096539e-01,1.806986486876557940e+00,1.045063993232284050e+00,-9.905627036059060364e-01
3.580719990837196942e+00,9.862353068660110189e-01,3.350177228608119062e+00,8.179558712392271946e-01,5.569645282587089019e-01,-1.169275797188035426e+00
3.873217544613986263e+00,6.124648564632826364e-01,2.166912179995517551e+00,2.536641011748835606e+00,-4.265859794175323461e-01,-7.827674855667234033e-02
3.070820268832902489e+00,-2.581519304828745476e-01,1.080681718412365822e+00,1.247382583948239532e+00,1.517916257897762300e+00,3.314304239218027526e+00
2.702166059544854892e+00,8.454393406790688958e-01,2.765261310299209185e+00,7.362295380326233651e-01,2.535456753042948930e-01,4.952914963292373018e-01
3.255468887246044662e+00,1.855330919335567597e+00,2.254341817560489236e+00,2.395136162905577404e+00,1.007541614710232070e+00,-1.361656223145354616e+00
3.017471794681870101e+00,1.726958790804408839e+00,1.461984642829454728e+00,8.528656382492569854e-01,7.656634017307737405e-01,-1.241739860368896942e+00
3.330840538232991310e+00,1.493176090106032028e+00,2.614264371742818671e+00,2.205635419942496567e-01,1.629111973303492888e+00,1.443491764931878363e+00
2.766922571587036028e+00,1.692495671824319370e+00,2.015701775607174451e+00,2.588005048124578433e+00,5.015396832734577703e-01,-8.066985141854794428e-01
2.463517860644177659e+00,1.247579305600158284e+00,4.852558349195997822e-01,8.092533522472888929e-01,1.668025270882584454e+00,2.596883747016338617e-01
2.523968949646870463e+00,7.409272238006225919e-01,3.269970084396812027e+00,9.643957818710795493e-01,1.102435424238525641e-01,5.795433466949740930e-01
2.269298197638947023e+00,7.418260456769889544e-01,2.088436449906245329e+00,2.650637699578360262e+00,-1.712346571085886282e+00,4.284994225159090009e-01
3.175558448255482613e+00,9.656147684606807280e-01,9.337465619703791964e-01,1.671463001288259864e+00,9.961081529079141017e-01,3.390009816252463337e-01
2.326117529373168402e+00,1.735369928345684487e+00,2.905515980035080492e+00,2.586384845568124868e-01,1.452587454793304034e-01,-9.536581161274191309e-01
3.168610469154229392e+00,1.504032716537881509e+00,1.732719548493023121e+00,2.651129846392191958e+00,6.435548290021997353e-01,2.004689470726399025e-01
3.392613459817344079e+00,6.675661165163933042e-01,1.388896136564357509e+00,5.138383153905956569e-01,9.063786618308696669e-03,-5.632049187841904336e-01
2.027476520693980433e+00,5.422878158841468732e-01,2.328714464447593002e+00,-1.249387234447028039e-01,8.561711100483980763e-01,1.247184369690462979e+00
3.612577924636615201e+00,4.732269631498424722e-01,1.673521500664790995e+00,2.750449478339858977e+00,3.881461741959978395e-01,8.967490724098993171e-01
3.408021842162030524e+00,6.937965134355881247e-01,1.297048846492723673e+00,1.328650414538222968e+00,1.326023297341772045e+00,1.588161145245560402e+00
3.196554622426991621e+00,8.804007368740307538e-02,2.953954427013340212e+00,1.299288320379503814e+00,2.256501504521405410e-01,-2.133280209653199144e-01
3.583537582999982263e+00,9.801656499547589663e-01,1.915858823773935349e+00,2.601052865519971835e+00,-4.149458684932987862e-01,1.374701234908841732e-02
3.442912899482953648e+00,1.094930824691547899e+00,5.253428095162022693e-01,9.514698010029550845e-01,5.519664082287560891e-01,9.381819351268979590e-01
3.399031897649471556e+00,9.490339803681999697e-01,3.265783134958845757e+00,9.650693368127843952e-01,-4.267420209948731835e-01,1.498575565610912042e-01
3.371678271756930911e+00,2.452136578879783313e-01,2.114281842247299537e+00,2.160783334777171660e+00,-9.965800171083446513e-01,1.263964007106047394e+00
2.459644653777246504e+00,1.362737002240767881e+00,1.724741857533039768e-01,1.147798755370777357e+00,-3.914610527779003313e-01,3.579211279714816230e-01
2.980410871895251557e+00,8.856229143898937117e-01,2.517573034791295239e+00,9.959832931971410730e-01,-7.193700625293166784e-01,-2.982760406682264387e-01
2.910193852674320958e+00,1.250862554672582672e+00,1.752334664046754753e+00,2.426599269439199791e+00,-6.859961041262886416e-01,1.704966557623918799e+00
2.703328122878790651e+00,1.255153798372627971e+00,8.588177043455722526e-01,3.962607057344385009e-01,3.593637419140796596e-01,-1.664446650492013013e-01
2.542104075465660529e+00,7.963739784900171204e-01,3.001055126385835603e+00,1.315622130164233239e+00,-9.476423158194930974e-01,-6.102997148963751339e-01
3.492475835859605304e+00,1.535626213922945293e+00,2.189976801724117461e+00,2.908532071829463828e+00,5.687050623915976821e-01,1.665925018011908509e+00
2.451422819872318914e+00,1.419317373614188638e+00,6.877684378971620216e-01,1.107309438124140843e+00,-1.430888830429724701e+00,-9.170465590013144874e-01
2.480408838982548492e+00,1.366511615859539175e+00,3.342506339943684068e+00,8.809353111465478836e-01,-1.757881620928976041e-01,-6.282673512796177473e-01
2.050593970340352623e+00,4.414446537804437298e-01,1.966798392430820774e+00,2.187477098457237812e+00,-1.659182068728351389e+00,1.930974966540083618e-02
2.745513861088569207e+00,9.167570225570202957e-01,7.527134930032447491e-01,1.133952463070942773e+00,7.510425510341931510e-01,-1.577111359578673655e+00
3.711807214674493594e+00,1.451999587001763459e+00,2.984488232759364479e+00,1.311347311191960463e+00,2.109597766745955338e-01,9.646729085533719550e-01
3.787733954286190308e+00,1.603303949017784058e+00,2.097580115972095705e+00,2.481248142541509605e+00,9.803273275680486343e-01,-4.198706935179984390e-01
2.858568224182577833e+00,8.668365578406399541e-01,1.247158718413448053e+00,6.241424585708617023e-01,2.304749045933290663e+00,5.551134047899393131e-01
3.534485811100631203e+00,1.020185715511419566e+00,3.204460922216414875e+00,9.236599455674616710e-01,-8.110662182497471173e-01,9.842989398955677149e-01
2.921503163753341070e+00,3.323986384924042525e-01,2.326045117940727991e+00,3.027083920632247960e+00,-1.122587968718982143e+00,8.952694534612416488e-01
2.946769939222229961e+00,-3.954982033469232050e-01,8.603483110527783140e-01,1.959129199421326017e+00,-1.262054344135146389e+00,7.905425734340775223e-01
2.771941222425657436e+00,5.100548741690996701e-01,2.030164323837746032e+00,7.025223862702393296e-01,-5.835617676212936367e-01,1.132288062666933826e+00
3.346287173769677992e+00,7.606638217921692924e-01,2.856717640697267413e+00,1.757444381168323799e+00,7.406774145382849506e-01,4.472079193333406422e-01
2.835474225329459586e+00,1.673552732335248816e+00,1.054160062572757850e+00,6.212866690713239048e-01,5.863243396230454624e-02,1.087016257095682725e+00
2.475466127415692164e+00,1.158329447578327231e+00,3.375083849841564732e+00,1.067005096245299933e+00,-1.803341912922822532e+00,4.325543373183505236e-01
2.052366526261766744e+00,1.044864558722325532e+00,1.779530290755106270e+00,2.457030619159813689e+00,4.134327013175024823e-01,5.621498924732614144e-01
3.205132872698422286e+00,1.429935485898456093e+00,1.027039629211325078e+00,4.013648541377365930e-01,8.262288220660531923e-01,3.702458237599860702e+00
2.550658403340676728e+00,1.159828470972296799e+00,3.426273892335608195e+00,8.456030995198223765e-01,1.167826681534818861e-01,8.044995342208648426e-01
3.159077099839344704e+00,9.903841829511813577e-01,2.337046072372989780e+00,2.790526131014301026e+00,1.523684968937114859e-01,1.572668067945616421e+00
3.075008139363901716e+00,1.231767160865832711e+00,1.506579445406621032e+00,1.165605360156039882e+00,-2.020810481868005937e+00,1.697947529182854964e+00
3.198940212440925634e+00,5.019945554558001843e-01,3.035898111827332269e+00,1.354874987632522565e+00,-6.838064167174959795e-01,-2.262241292878744758e+00
2.402069244837758966e+00,2.252990142659336392e+00,2.016070253840668514e+00,2.831659884225919299e+00,-1.078185577350747382e+00,-1.745193377023437076e-01
3.959896143214043818e+00,3.041530619729831963e-01,1.485587385959601825e+00,1.403466891220964685e+00,1.942452485102988680e-01,-4.589136196949629432e-02
3.225108871018922851e+00,1.313718541376555304e+00,3.307604315182753218e+00,1.175165902048375788e+00,8.168177239343660245e-01,-3.517698634499992483e-02
3.375668617580242170e+00,1.070197718223675043e+00,1.745671802915201187e+00,2.328031464871281209e+00,-6.319760123875682589e-02,-2.143515526937792348e+00
2.536564030395688008e+00,9.087897968184511788e-01,1.174545878630739892e+00,1.436261071686787183e+00,4.873440669733973829e-01,1.010241701113013368e+00
2.754437431104590939e+00,1.067186558019877163e+00,3.486952309544224970e+00,1.597169569649830034e+00,-4.206728294653246381e-01,-1.877084299208663376e+00
2.865814347939711570e+00,9.341621868564908837e-01,2.124200972287583422e+00,2.016707325052529143e+00,-1.336505490570068178e+00,1.673561638308572519e+00
3.509276237383940789e+00,1.615279099977362298e+00,1.085674339302502789e+00,7.038511268630198714e-01,-6.062072452585551829e-01,-6.645838835511665987e-01
2.409448413614088569e+00,7.700349477827093114e-01,3.621781638169870643e+00,2.613464275633433642e-01,-8.194510920738748982e-01,6.808841173259013724e-01
2.604600023112416007e+00,1.611861105980054720e+00,2.688143656369386125e+00,2.138667073299308719e+00,-5.878435529783495594e-01,-8.690319159134379801e-01
2.970316048725750502e+00,1.724494702079117925e+00,5.422701836003880338e-01,7.995701258396064048e-01,-1.506362784917983477e+00,-1.077989814106575239e-01
2.761209572671639467e+00,1.012999997092829174e+00,2.782511718973728065e+00,8.530597131649423348e-01,1.000947671968449360e+00,-1.479328829903673870e-01
2.325651776601378895e+00,1.651267768243090073e+00,1.488476717878802091e+00,2.632686098389462881e+00,8.822196822390977466e-01,1.754263874445399496e-01
2.818693956211370644e+00,2.574217743372728684e-01,-1.204749396195985423e-01,1.816609546538189068e+00,1.478368745461534628e-01,1.789729093306010044e-01
2.703769357423365438e+00,-1.524539688850690133e-01,2.836939213625286005e+00,2.676365834469294214e-01,3.444141508372970673e-02,1.026205018424954707e+00
2.984091413650604263e+00,1.056243871207097840e+00,1.141015502915082802e+00,2.299968640310178447e+00,4.878529020532568761e-01,-5.781106793222886564e-01
3.144039083502575327e+00,1.749054091788516896e+00,2.334457501544385805e-01,9.657257450271875543e-01,1.286200466914307061e-01,-7.596463469698556958e-02
2.849511923022330695e+00,1.403727958502634987e+00,3.581878742348974853e+00,5.522027222748027153e-01,4.849319794697228292e-01,1.803166509149724817e-01
3.156119344506500113e+00,9.033391797629980458e-01,1.917128543117524897e+00,3.060612318967621537e+00,4.145779384675297163e-01,-1.477321844568062925e+00
1.961598989038223051e+00,1.473750583672837955e+00,4.107660039802338847e-01,9.412700677398022631e-02,3.795911637546754425e-01,1.313612058484270539e+00
2.748013025428841072e+00,1.008977945825413114e+00,3.044497424193898016e+00,-7.520257747931102799e-02,-1.350193944351083530e+00,1.600932541089083561e+00
2.364769611807260308e+00,1.141497766905500866e+00,3.345858542244097400e+00,2.567818641378356581e+00,2.970727188122551099e-01,-2.077485020703404295e-01
3.054015408656172603e+00,1.014708809485382890e+00,9.632187501181913580e-01,8.637489611606918860e-01,-1.804488149177818190e+00,1.087597020095776079e+00
2.932603435352138188e+00,1.524609145376283781e+00,2.773229701711450446e+00,8.845967882829899320e-01,-9.695495380029041099e-01,-5.111907722043345093e-01
3.483110431289170528e+00,1.362958426260410638e+00,1.419410157682630569e+00,2.607795115958825960e+00,5.459042667490867640e-01,-1.025579866221766334e+00
4.660539378085182705e+00,6.998873348113425763e-01,9.285691974803116366e-01,1.245496364755606100e+00,-9.868333994233406958e-01,-1.151280323917751813e+00
2.810241242233060266e+00,4.925981545706644704e-01,2.581466697907186969e+00,1.328885556638466303e+00,-1.113601836402652034e-01,5.885364206474942295e-01
3.217993098148205000e+00,6.562563034699128162e-01,2.287537879122982787e+00,2.083324945287061247e+00,4.030060622992671093e-01,4.074028065211634519e-01
1.650819129166976484e+00,3.933309370856477027e-01,7.234540759449085146e-01,1.169402034964301729e+00,-3.441802421895180375e-01,1.404694172135216579e-01
3.036125949577942240e+00,1.504893667473779395e+00,4.064585014581308720e+00,6.084281252319259092e-01,-6.900407486310842220e-01,1.997675313274544839e+00
2.221529221067484183e+00,6.937789358578279053e-01,2.145939548146795328e+00,3.194225144643939363e+00,1.947271544815995237e-01,-1.954985365688717946e+00
2.930324097274539241e+00,6.357312552876492884e-01,1.229533023805123193e+00,8.502531547220146813e-01,-1.069307796453366155e+00,1.601302811474122567e+00
3.265581896728112721e+00,1.002000420987687823e+00,2.613066341040276797e+00,1.783436898653627090e+00,-1.366487287625648195e+00,-4.376947908210120364e-01
3.160632957241915619e+00,6.373925371273169160e-01,2.210771719841087446e+00,2.144845297443362941e+00,4.036257152333287412e-01,-1.096623682361313579e+00
3.768268164010549093e+00,9.998124956208219727e-01,8.732062176927546382e-01,1.240790650467006984e+00,1.066604697164134086e+00,1.679083479536100487e+00
3.646774810331653960e+00,7.805011681668612145e-01,3.251352437960576491e+00,8.586384532961165439e-01,-8.247391739785231435e-01,1.129295655857795122e+00
3.295019732080414876e+00,6.603081085013828844e-01,1.745708981704415574e+00,1.764985309960341198e+00,-8.912230114082948518e-01,-9.979499093719896852e-01
2.524545374474615134e+00,6.478248342382706415e-01,1.025603401639481715e+00,1.071146534117491722e+00,2.456850884846583927e-01,2.379313438931041635e-01
2.977066656965116298e+00,8.906332705161453811e-01,2.427764765326488217e+00,1.327651046741910257e+00,-5.960354013504429727e-01,8.420242424371531254e-01
3.769603504827531371e+00,4.256478851815270747e-01,1.800138334343155178e+00,2.236043533376001591e+00,-1.469181646063477231e+00,-8.556659407013990082e-01
2.454830833772592591e+00,1.850094073322762878e+00,-6.186516150601995001e-02,1.026170910665293867e+00,-1.077869388975050136e+00,7.583636679885975562e-01
3.304391829454054630e+00,5.929456641697017361e-02,3.095327458776181206e+00,1.694305114735406903e+00,8.039022045276350559e-01,6.669404457387678731e-01
3.248634549322988452e+00,1.118666349669798388e+00,2.609921211459220736e+00,1.805585586640394924e+00,-1.295600471103372398e+00,1.327681323112919476e-01
1.927777976635774770e+00,8.152187873312833899e-01,1.168396450744340731e+00,9.394116074884870660e-01,4.576535137083594384e-01,-1.616979978545009633e+00
2.991272524081911133e+00,1.365701258562532772e+00,2.610498373857954579e+00,9.223809883245064345e-01,-8.216931030467898855e-01,6.458623425689751230e-01
3.477247833273843902e+00,1.047873385555067260e+00,1.293371427618948744e+00,2.577942031418629210e+00,7.036541600935353191e-01,2.552347955535934632e-01
3.516725401632118775e+00,9.268633626943231230e-01,1.150222801135477146e+00,1.851662797528002447e+00,5.420756749135334784e-01,3.240960563733829569e-01
2.571251587630114077e+00,5.329090784260255287e-01,2.862287107386991991e+00,9.030301105744249490e-01,1.499187173483503832e-01,-1.092568593956641937e-01
3.271322647283158247e+00,2.091545720049459156e-02,2.255373953131149634e+00,2.249113798713572976e+00,-8.714322291978471302e-01,-2.455483204712093082e-01
3.338903785559905746e+00,4.467134663040573939e-01,1.038176135198760175e+00,1.297546534638967186e+00,-4.029149446451705807e-01,2.317774707628509123e+00
2.820387952144630450e+00,1.252690951376458806e+00,3.472988558967101458e+00,1.376719023516005613e+00,2.602407254118703772e-01,-1.069513234191793276e-02
3.608970450400673435e+00,2.965951781755338246e-02,2.078325312156926508e+00,2.789056652510257805e+00,-2.319774995860908740e-01,-1.152050704027913347e-01
2.596910894023271688e+00,1.024530846186551436e+00,6.198704550720011142e-01,6.188211605080785604e-01,-2.722669122131674002e-01,5.447050085282209020e-01
2.701956832706168932e+00,1.430811550670601839e+00,2.713595956799581987e+00,9.587117697810441097e-01,-2.944482523045630074e-02,8.110797005927431469e-01
1.956804717271736882e+00,1.180900820285523345e+00,2.320599121584128177e+00,2.655755823142750049e+00,-6.951760934699994232e-01,3.502345883112891189e-01
3.212960088251407775e+00,1.024540198570815130e+00,7.853441324850348737e-01,5.439990600750752581e-01,8.771562040702368668e-01,-1.154258986063924519e+00
3.551118366292671080e+00,3.852128732267855460e-01,2.896777284754405102e+00,1.397627588622146755e+00,1.677699986140678556e-01,2.470674482221001944e-01
3.554308378994837536e+00,6.485397985449157243e-01,2.232978725849153356e+00,1.806165882192324101e+00,-3.347472716639507406e-01,-4.871609764399814080e-01
3.362775259039366471e+00,8.378978902573944731e-01,9.966006675602971931e-01,5.823782323196473598e-01,-1.854910106940195202e+00,1.148821262634671880e+00
2.407171564574462685e+00,2.890234964879187185e+00,2.921180362896605320e+00,5.000322611463086098e-01,-9.329237866318417227e-01,-1.240370537584193800e+00
1.267973213209704131e+00,2.422754403094735665e+00,2.348095802782579788e+00,2.554865642475193876e+00,6.579134717716460523e-01,-1.832274689353153407e+00
1.953783840729206966e+00,2.381062367271583824e+00,9.217390323122337525e-01,3.572899184229229030e-01,9.632711252128710600e-01,4.342191251325904222e-01
1.622168617449017525e+00,3.425718947286754634e+00,2.845573453510374495e+00,9.786334140233015066e-01,5.980896167979040667e-01,-1.640008375479063696e-01
2.104548338287760334e+00,3.277507997166544396e+00,1.625712427691488715e+00,2.317779947896573489e+00,-1.217346573731728387e+00,-1.888762979328190594e+00
1.715425673244014737e+00,1.969101619344575838e+00,2.611135672677750152e-01,6.978348619990046853e-01,1.456812023286476743e+00,-4.719409468613802727e-01
2.066123889459892116e+00,2.218381697941271824e+00,3.410193467689227376e+00,1.570567135550748894e+00,-5.166811502536515777e-01,1.582162756034234175e+00
3.195072981166755532e+00,2.622711424594559748e+00,1.863121728493619234e+00,2.249948037065853779e+00,-6.314024741626490522e-01,-2.379596849858040819e-01
2.576299567505301980e+00,2.387882113938250672e+00,5.227930749330613747e-01,7.080003149688054442e-01,-2.369984392577377807e-01,-1.374597445462847345e-01
1.836969347119931761e+00,2.484544291197932075e+00,3.577248981172277631e+00,1.162834324423775101e+00,-1.039441865147001876e+00,-5.602137061078044100e-01
2.177858630788008565e+00,2.924793422547411037e+00,1.919619350717523210e+00,2.319438216141094689e+00,1.285489046272115798e+00,7.610931341187879839e-01
1.938922992444158444e+00,2.159574212991341113e+00,7.262629059908051188e-01,8.429106518105369261e-01,-2.977125312284815806e+00,-1.958531639344522013e+00
1.466061711756722286e+00,2.461660318647134194e+00,2.768372728662439997e+00,1.259959109427115198e+00,3.336367732620036941e-01,-1.129542882180991914e-01
2.286481362978378229e+00,2.728973538154870759e+00,1.346999291096920182e+00,3.448442910605084233e+00,-3.745264362237406552e-01,1.042739300729733642e+00
1.991091225473030413e+00,2.199930600382193457e+00,1.467551969867876505e+00,1.612242578569415219e+00,-1.784259325643503757e+00,1.199592047530986472e+00
2.073382631693444722e+00,2.785902439432494937e+00,2.914615938971241160e+00,7.203781260661910046e-01,1.315909236326751885e-01,5.484060672478983101e-01
1.981591171741486246e+00,2.556184244396109584e+00,2.161670629117154796e+00,3.475699848442207696e+00,2.533698989893728437e-01,8.461406864278271378e-01
1.924747837174774157e+00,2.957749634031286323e+00,1.324387839124683719e+00,8.392381346353483540e-01,-2.503317921638042454e-01,-5.422580318492344897e-01
1.780899866330665660e+00,2.592767810483277646e+00,3.129357666497993851e+00,1.179018478363283995e+00,7.815713344283228281e-01,1.751027856901924418e-01
2.197214015006056176e+00,2.862761279126779357e+00,1.869096386613110949e+00,3.208804916299384580e+00,-1.254288488692043568e+00,1.349614174786344822e+00
2.747942382942238027e+00,2.837726904602106082e+00,1.669457192082447250e+00,3.152662964636618881e-01,1.210764502932532016e+00,1.441437879226882712e+00
2.299606617729629043e+00,1.764881455489343498e+00,3.386183295563879980e+00,5.953245208990713966e-01,7.969699117399685340e-02,3.505327409087480306e-01
2.303201972151918575e+00,3.646858806178588708e+00,1.934285008717348431e+00,3.188446596012021850e+00,-3.815423814633432387e-01,-9.728293119960412794e-01
1.584994507216163306e+00,1.990240075297141864e+00,9.512413783134010536e-02,1.119840979422396243e+00,6.547205721007233470e-02,1.765085003226240790e-01
1.892673078886988547e+00,3.010624063049450516e+00,2.251527233386172000e+00,1.223242031356207571e+00,-6.627614165472115459e-01,1.829694809317671256e+00
2.262375246148411900e+00,2.261437896765333910e+00,2.402442637280236770e+00,2.831050617171440464e+00,-1.615914759836739822e+00,-8.153447039746087865e-01
1.982004909136404258e+00,3.018519490886953704e+00,9.990132476150708207e-01,9.377067762830841868e-01,-6.713712134354130612e-01,1.291205395169934489e+00
2.336309874060739311e+00,3.714438484761489523e+00,2.565607031704904006e+00,1.442809741072264895e+00,-2.565904844732680434e-01,-3.249382848687877301e-01
2.502843340155608054e+00,2.676783608001314541e+00,1.913596557783798557e+00,2.590336157204938594e+00,-8.854912796001610520e-01,-7.644953098836528849e-01
2.307363137913724049e+00,2.325507904542223780e+00,1.014563720620382803e+00,2.663191632308075096e-01,-1.304619870871179810e+00,1.015537212251694354e+00
1.511113499233516455e+00,2.585978566083795283e+00,2.504330065963451091e+00,7.361034608879954977e-01,6.088905603900413022e-01,9.900339917196088191e-01
2.245280521904819526e+00,1.802358487467336623e+00,2.586433908765179090e+00,1.605538509590954899e+00,-6.623598412683699976e-01,2.511916877924423641e+00
1.738821767432152443e+00,2.315372049085516082e+00,4.827084050407629556e-01,1.551877086824696494e+00,-9.813120968490127716e-01,-2.053813672157461134e+00
2.132821201257142363e+00,2.369766970567309894e+00,2.186852781282104807e+00,1.910817541858125246e+00,-2.921098549134140687e-01,1.371193734943960130e-01
2.222548355172285994e+00,2.549056123110995831e+00,1.687771306526230530e+00,1.938043551869633951e+00,7.563406398236350858e-01,-1.017430694873322272e+00
2.530163754578403701e+00,1.644416170187753767e+00,1.459818265590380637e+00,6.771655721678653261e-01,5.908552244443789903e-01,1.707852393648193301e+00
2.828562319021462823e+00,3.208837006499680289e+00,2.789448812896412555e+00,9.570811479476842853e-01,-8.519247679993565692e-01,-7.401663953383548211e-01
2.025158543073567685e+00,2.825161607126172925e+00,1.585608306694536118e+00,2.768466969763253349e+00,-1.702860379190616724e+00,2.409409946029575089e-01
2.303274200206647304e+00,2.131355186120034162e+00,1.864534077586762262e+00,5.211253251636558392e-01,8.574137675136040970e-01,7.669406571450343435e-01
2.082332532924603186e+00,2.889087089549783105e+00,2.758439359341627206e+00,8.861791262420943838e-01,8.336231654524530743e-01,1.416146941777252088e+00
2.154908379303744237e+00,3.025660383924375640e+00,2.365753903764328481e+00,2.406366064908277647e+00,1.274424754562036299e-01,9.527719752971345324e-01
2.047498055034580489e+00,2.540375494311509996e+00,7.444703767359879265e-01,1.130779596270106158e+00,-9.516172141754164482e-01,-7.909065286062547662e-01
1.616098126987719930e+00,2.317730975146681249e+00,3.363887146028554653e+00,1.039413407009646129e+00,2.408661813287537590e-01,-8.180216985367287919e-01
1.770141159480965953e+00,3.352741758877721079e+00,2.497934874244890580e+00,2.167587326994889096e+00,5.717032131602972633e-01,1.375051397231744854e+00
2.120252776073681122e+00,2.000286749320910218e+00,4.655798003685709396e-01,7.817908269777050778e-01,4.035362652374240855e-01,-7.374315500095434128e-01
2.199299194080718500e+00,2.403998151684477946e+00,2.987059496433989825e+00,1.524439584289996041e+00,-7.484758552646209040e-01,1.365366508947008839e+00
4.731178097868475874e-01,2.739926185576908590e+00,1.729678011725052089e+00,2.551795001120584772e+00,-7.981358191963213722e-01,8.931731294908884511e-02
1.223650608411582130e+00,2.789232210128120837e+00,9.226002219221480782e-01,8.231957144662228609e-01,-2.588948556717106664e-01,5.302141682613786822e-02
1.519368200484745079e+00,1.770837769803423001e+00,2.387127763241401635e+00,1.497985661224428666e+00,1.096369389755186718e+00,-5.387931105152016231e-01
2.247170825491189294e+00,1.752903117362657692e+00,2.175631137808702320e+00,2.438490899699777614e+00,-1.410392852775230965e+00,1.451736151389077856e+00
1.776650398261439889e+00,2.602188697460581679e+00,1.389451829448369757e+00,1.265111259025299528e+00,2.230141533786294539e-01,7.257291321564841580e-01
2.306116261564026715e+00,2.872442268220325889e+00,3.705206726274779427e+00,3.709048208424841064e-01,-1.937808363755026339e-02,7.776230651763194057e-01
1.981859355723148974e+00,2.083802326155655305e+00,1.520884773057333383e+00,2.749863924496891432e+00,1.264737564954696136e+00,1.366326320026793883e+00
2.961907712985462737e+00,2.197009339730700894e+00,5.083792978612486912e-01,6.952102300458395945e-01,-2.734540747797262195e-01,-3.521523221985286556e-01
2.901794490743248467e+00,2.273737513357987350e+00,3.113120856998737640e+00,4.161924234567473402e-01,3.948682354327054389e-01,2.071715398874218184e-01
2.580642846670903712e+00,3.034982769475066622e+00,2.755737881062029881e+00,2.330511508584411917e+00,5.657962798060927057e-01,-7.109387114470597790e-01
1.477232876311552756e+00,2.677642253503114578e+00,1.080528269599634772e+00,9.700675271637516639e-01,-2.324698830676587225e+00,4.500198700776599781e-01
2.377696014595427787e+00,2.850491060761622286e+00,2.047493534974817564e+00,6.122096852945116963e-01,7.812456213413251360e-01,6.430152045929344862e-01
1.900531274858052067e+00,2.650980022703072425e+00,2.009170167947925467e+00,2.003372629960446183e+00,1.659442908732723376e+00,8.522288419304654417e-01
1.802655159502221105e+00,1.914093310389438862e+00,6.477076957203664609e-01,1.189955616980043818e+00,-3.883333719094549386e-01,9.854259060315960772e-01
2.492006118470120324e+00,2.220159289040721795e+00,3.226006052096051846e+00,1.330335143441875312e+00,-8.493475320236526516e-02,1.255284995074312571e+00
2.689879095803108466e+00,2.801225450619805102e+00,1.996100033597639989e+00,2.090549539585627059e+00,2.379877909604803943e-01,4.535106356575280828e-01
1.553676663243557909e+00,2.419400840229381178e+00,1.366663770862243554e+00,7.177551447739224377e-01,2.277237522944589310e-01,5.450503647865657941e-02
1.856807542302413072e+00,2.064556175174019348e+00,2.827095694416227101e+00,6.044048248110862609e-01,-1.496572704143816601e+00,5.773997327401138996e-02
2.250714794946665265e+00,2.260692963069407924e+00,2.074706444602747890e+00,3.189284895606884440e+00,-2.272548270966122441e+00,4.978030007563938875e-01
2.815845756815398726e+00,2.930445620509214866e+00,1.352878202506429650e+00,2.747654278406286288e-01,9.919189164104550427e-01,2.051103282261275584e+00
1.559905467729210127e+00,2.490499739226341713e+00,2.795485274592562686e+00,6.710115567836872907e-01,3.740764049718955375e-01,-7.164964811383461862e-01
1.886619903915208063e+00,1.717746073094401638e+00,2.231583369595662170e+00,2.175629113080006949e+00,-1.589576589200168755e+00,1.947770156217048854e+00
2.465627839384059605e+00,2.974904407605664769e+00,2.797628360512960377e-01,1.223579859378445267e+00,-1.426270265034611739e+00,8.955234034311357894e-01
2.462750607351192667e+00,2.271506071203231336e+00,2.709666626375206278e+00,-8.594795967788715352e-02,-2.306269498673569895e+00,-5.148936920330865474e-02
2.534492985809459142e+00,2.395123532288722767e+00,2.357238830492614845e+00,1.730108595122958004e+00,6.832235112340393490e-01,3.252358003726801838e-01
2.467573889795537490e+00,3.406263907558770399e+00,6.267934536057473416e-01,5.541460737750438792e-01,-4.154044127855019419e-02,-8.247089042952032711e-01
2.070054940652376274e+00,1.790425611427756580e+00,2.885010218020376271e+00,9.387414437008726464e-01,-9.066661681423391350e-01,1.008628570441687078e+00
1.841549401735826930e+00,2.820492933191752982e+00,2.536763132557878997e+00,2.632594530847355951e+00,4.357299377127785700e-01,-1.605884283232518750e-01
2.609937189515310507e+00,1.933103982303211010e+00,8.822092710504312318e-01,6.970751790379603463e-01,2.068268386068909948e-01,-9.267023730461657616e-01
1.904725851169273954e+00,2.616669563130060716e+00,3.967082590458658409e+00,1.294065857349358861e+00,1.022290866200026072e+00,1.260974369428363495e+00
2.217499162131420398e+00,2.955211801501541835e+00,1.523984482037798571e+00,2.353204600189475748e+00,-7.798507553974141082e-01,1.020208870762280146e-01
1.525780171773101657e+00,2.288260851387232009e+00,1.146268826041880740e+00,3.491434698664541703e-01,1.048247302083991750e+00,-6.418285308225869512e-01
2.503983238800289168e+00,2.696167455562153759e+00,2.928328404840277788e+00,1.023714164011766625e+00,2.034576779622546461e+00,1.510628957365354630e+00
2.224190325390843714e+00,3.062661749332126870e+00,1.592646653027250281e+00,3.386450391661441461e+00,-2.788759475507021635e-01,9.787721177955711616e-01
2.052026694854544697e+00,2.764001711035918074e+00,8.338515965998430923e-01,2.413626956493625020e+00,1.662196484813037722e+00,-1.244090455626539082e+00
1.842718069041356266e+00,1.827494989865812380e+00,3.137901112442011531e+00,6.769829619079805738e-01,6.192242094630341365e-01,-1.443501865949148311e-01
1.352371057359456508e+00,2.537160276841315731e+00,2.250960258692527916e+00,2.047833625695643089e+00,-2.165364483085301106e-01,7.103065870256085601e-01
1.900219641001891668e+00,2.172698415737511102e+00,1.049171587772433245e+00,1.442464014727096178e-01,-4.770772274823490422e-01,-1.399752405169178537e+00
2.159007148209584503e+00,2.054864223945875423e+00,2.059260110264949706e+00,6.639749554561447109e-01,-1.422162363379054772e+00,-1.973533608400796988e-02
2.055668633191484851e+00,2.490238720839863529e+00,1.697191374707557321e+00,2.566289324563090002e+00,6.289013224052488749e-01,-2.387657022079535049e-02
1.580005542693876386e+00,1.350897059731074101e+00,1.268247850912340269e+00,1.245692202109817792e+00,-1.525954151364545819e-01,-3.079642105804363331e-02
2.728263693236388399e+00,2.658318617851978871e+00,2.889026926753582636e+00,1.041846575358922555e+00,1.289312958609424298e+00,5.304533311500639892e-01
6.679370303689304844e-01,2.286785691183238711e+00,1.741470673263948443e+00,2.600037336609400285e+00,-7.459110471387336849e-01,-2.887846562248377880e-01
2.196893865624659270e+00,2.385929654649771692e+00,1.618845691988597846e+00,1.066343798531276921e+00,1.204689054282857219e+00,-5.803021621745857450e-01
2.290165056301614488e+00,2.013366207375379968e+00,2.669237660306033266e+00,5.770469764301181526e-01,-3.947358751188211889e-01,-2.506426642633822338e-02
2.087583864609034556e+00,2.473258153632421852e+00,2.163945462032148548e+00,1.849545795780964230e+00,-1.064910866185946325e+00,9.023680496446272459e-01
1.908469006519013300e+00,2.389485549105831996e+00,7.077273810050759284e-01,1.630049711430388459e+00,-2.189473872346682448e+00,1.451372106331792589e+00
2.099879777596313613e+00,2.966360706844045847e+00,2.871334989578708807e+00,1.013443265659776937e+00,-4.351583626490360124e-01,-1.256581616688524639e+00
1.734940099899974220e+00,2.296379987994034533e+00,2.268260386844148879e+00,3.240974448473989966e+00,2.822634808958494057e-01,-1.711223602794137433e+00
2.080282495871255577e+00,2.439925012185625519e+00,1.318443461733229016e+00,1.946953049256791024e-01,5.373503415026679164e-01,7.736239988164135273e-01
2.192801146172162596e+00,2.859145367877171218e+00,3.244742918827862255e+00,8.808990285325722924e-01,-5.759103457560267314e-01,-3.888954427034967964e-01
2.645594451425437921e+00,2.441777925864168086e+00,2.136997759854679213e+00,2.771885042447218339e+00,9.487447947499796364e-01,-6.707447222513998053e-01
8.613510016698171512e-01,2.465187730272435651e+00,1.334336410745069923e+00,8.958452947798190014e-01,2.250232708361144668e-02,3.476165214272575743e-01
2.176935213441420380e+00,2.406522491733625202e+00,3.185192826023727442e+00,5.425057603466550971e-01,1.559959844159105602e+00,-5.030752195310859154e-01
1.923381919116454064e+00,1.283745743676443452e+00,1.766222736442233154e+00,2.268382541183267875e+00,3.468126349311669021e-02,1.132007409404964804e+00
2.253992168307689781e+00,2.337983835489996665e+00,1.496695669134338491e+00,8.330378071269961548e-01,-2.556726532228097426e+00,-2.689573102662726756e-01
1.244461696044898646e+00,2.064288967202521086e+00,3.353085222969478529e+00,9.638884156248436197e-01,-1.909620326890225206e+00,-1.840074046703421118e+00
1.567585029267206442e+00,2.804374541170850943e+00,2.130413523618817084e+00,2.103233319913444976e+00,1.956970120822463466e+00,2.112798075038268275e-01
2.280819048261702786e+00,3.257375191241125734e+00,1.351575210473833444e+00,1.086834880518853241e+00,1.483486999976822540e+00,-2.414100744170261936e-01
2.323962406156458993e+00,1.824175307341162844e+00,2.379638979098213536e+00,8.762710408806886342e-01,5.404527323951792139e-01,-4.316667706374819891e-01
1.295395361763904241e+00,3.065362677264565683e+00,1.277063390014986366e+00,2.863206244655402966e+00,-5.469514467897013121e-01,-7.463857612378184403e-02
2.783343100548071991e+00,2.381125950927318158e+00,1.262158442238512368e+00,9.908825259441015332e-01,1.283322722835633645e-01,1.533269437661528345e+00
2.279401494092555769e+00,1.747554358110243733e+00,3.037039339208309929e+00,5.137022632238879005e-01,-1.968280060729129255e-01,3.798392258567832580e-01
1.028039120834106424e+00,1.912988161728577996e+00,1.706494234571634516e+00,2.591105670798325544e+00,-2.569233713518073170e-01,1.448681009747915527e-01
1.821406237198491818e+00,2.239311807295981005e+00,8.146708410928287236e-01,1.030103473163318961e+00,-1.311176705074925897e+00,1.091422263887702471e+00
1.884942968274366359e+00,2.254492783650444920e+00,3.313949992563641977e+00,8.407311699733321930e-01,-5.208761370430881055e-01,4.153347767162658688e-02
2.339650572474831325e+00,3.213773475663672219e+00,2.044988529357042228e+00,2.676274178294948847e+00,-2.141504974158573715e-01,9.846478775851834619e-01
2.018098731380217448e+00,3.514998743720230578e+00,1.282549068338610265e+00,1.186753146473295661e+00,5.216643408637678947e-01,1.299320277797911746e-02
1.682797644849576946e+00,2.237448303030530550e+00,3.193191345376253931e+00,5.447979492118714129e-01,1.750006191092924879e-01,3.434394448603881322e-01
2.193867331371475160e+00,2.322600618994663080e+00,2.260749530978251265e+00,2.728761974333331342e+00,7.565446243942912652e-01,5.069596102163995699e-01
2.588526127888320705e+00,2.179446092401055246e+00,1.722328786407294920e+00,1.190336883930162681e+00,1.285207042051689230e+00,1.618424512514614166e+00
2.661346992554320057e+00,2.597087508146888712e+00,3.128684447544328062e+00,1.315040013138016883e+00,6.144153513848561454e-01,-1.322608977643867867e+00
3.282726390358389867e+00,2.267942547175897161e+00,1.864562519931409534e+00,2.857757758946105398e+00,1.747841204661856773e+00,2.149909566697527197e+00
1.898653046146268952e+00,2.572825908643243675e+00,1.284143310548134354e+00,1.940145509262706014e+00,-3.641003130641345953e-01,-4.139992554357243559e-01
9.094860164590252705e-01,2.801132563769269002e+00,2.793000087195077086e+00,9.040938144939257848e-01,-2.058895494764476197e+00,7.792429871946656705e-01
2.240423056632584231e+00,2.554659181952717795e+00,1.834365776984900887e+00,2.652733286296401705e+00,-1.007858817265180118e+00,1.829472261810536127e+00
1.227802109306650902e+00,1.726719480015671326e+00,1.029572632630086915e+00,1.239508975564505233e+00,-2.477287883989766293e+00,7.239694486037992482e-02
2.293309259300422287e+00,3.087589343778677442e+00,2.734817225214907666e+00,1.139353537846488074e+00,6.744823287057321037e-01,-4.022872509226159687e-01
2.797232315911110767e+00,2.052279238025040087e+00,1.717824648419543410e+00,2.531129336077206027e+00,-7.954611139177732992e-01,2.492335155602011798e-01
1.484600986120608201e+00,2.364030600157724926e+00,7.302672377463317321e-01,1.018764022211841480e+00,-5.275901721928847321e-01,-3.432648625868739978e-01
1.012134929063081668e+00,2.205534411978127718e+00,3.004487506805602948e+00,1.214127930709481884e+00,-3.937983416257529595e-02,-5.573147805728849713e-01
2.425894818757658111e+00,3.317301250684707270e+00,1.615353334492549253e+00,3.113273158861796563e+00,-2.280095084672788819e-01,7.868534886426968855e-01
2.139577726817331715e+00,3.320276824277634375e+00,1.734286548527839367e+00,1.139395452105502970e+00,-3.910361419542006112e-01,1.659347095917116655e-01
2.205436468999535382e+00,2.595681957569460074e+00,2.964086247446172884e+00,4.220999432108033522e-01,-7.557781390110361874e-01,9.132679829158661944e-01
1.914279406261233385e+00,2.593468522885997718e+00,2.139403617195998031e+00,2.168591751312660687e+00,-1.287008391859706613e+00,9.564402966655932703e-01
1.872573526378055409e+00,2.429544623804920978e+00,1.648982908562605543e+00,5.237497738018506155e-01,-3.027048004235588508e+00,-9.111755351860280072e-01
1.669054082530163630e+00,2.629515950896001986e+00,2.403683608364430846e+00,7.898808616368139246e-01,-1.589814483753098973e+00,1.013753102549212137e+00
2.007224207508893077e+00,1.760209982691943953e+00,1.197415916993842089e+00,2.171384822771417866e+00,2.685242133769712991e-01,-1.312150474321184035e+00
1.879649749124006952e+00,2.072164303802750851e+00,3.735228674139479121e-01,1.137529596502300455e+00,-5.747319138505722069e-01,1.336745158960288338e+00
9.758997706296124175e-01,2.741941824670661720e+00,3.196866464128507612e+00,2.002949594506874931e+00,-6.743152695801589436e-02,5.508740280881265772e-01
2.779344127261190511e+00,3.684865094532451923e+00,2.574475403457995970e+00,2.207264773807153801e+00,-1.520974178751614003e+00,-1.519302626866634309e+00
2.781209764746481738e+00,2.064599223695969599e+00,3.874789646790167685e-01,2.194211120444322649e+00,5.553311661169890723e-01,2.288542967186749433e+00
2.587622496354026858e+00,3.059949501778069347e+00,3.379604491994659732e+00,7.167969859934649746e-01,-5.589498828526617835e-01,5.703839564343076152e-01
1.006085234302689146e+00,2.930644257695725230e+00,2.429469147464155210e+00,2.396135298941314495e+00,-9.667757919296965374e-01,1.228115713414142718e+00
2.313588517695762903e+00,2.581404125153396123e+00,1.558323946580507879e+00,4.428941491987948842e-01,-4.788469542291285963e-01,-4.603913290885259801e-01
2.144308357838402568e+00,2.529153691372041823e+00,2.085060606306398334e+00,1.221144379663163360e+00,-1.918288531992217161e+00,-4.424433714813492680e-01
2.815967924327514194e+00,2.299105583084056548e+00,1.844895889456556359e+00,2.023352464713707111e+00,1.579191230522128397e-01,1.349106371689766659e+00
1.900030303389360187e+00,2.503694491853091897e+00,9.252398513674454650e-01,7.421317526626540761e-01,-1.204450306679526239e+00,9.504057099198076619e-01
2.137832037575035926e+00,1.618375099504384185e+00,2.999126630996443055e+00,4.491828946675076040e-01,-3.747067003800656493e-01,-3.207341973514433175e-01
2.693986904774482660e+00,2.613099878421578204e+00,2.118323180145962326e+00,2.949424686818975516e+00,-9.820649525000836322e-01,-1.736960197440595932e+00
2.284562297912389184e+00,2.598657995873895121e+00,1.186050582206775283e+00,9.741299176840854113e-01,-1.250877156491328135e+00,1.586745891540091158e+00
1.906779364358057949e+00,2.322379243251519121e+00,3.391619995004170995e+00,9.951809864671615768e-01,-1.231933201297188862e+00,-4.780326096982184803e-01
2.048057071169760324e+00,2.576026170466714671e+00,2.336425445463842898e+00,2.722174362837843642e+00,1.061439932425290333e+00,-2.159637923784260671e+00
2.577630877709075286e+00,2.673028873142337059e+00,1.416752695923976901e+00,1.656658092461675835e+00,3.959854956179669760e-01,-5.620044930886257672e-01
1.933255665316969685e+00,3.493282555471199924e+00,2.807548089767492261e+00,1.278095825553900999e-01,1.346396506758818501e-01,8.128671318976025129e-01
1.360286921843238961e+00,1.829895412048249792e+00,1.527069328194174069e+00,2.531498990563321172e+00,-2.055137389443794094e-01,-2.503352796781080358e-01
2.177301026056413846e+00,2.393813357254690022e+00,9.010222654416986110e-01,4.753488564535850447e-01,6.726053128644055024e-01,5.844545468015309719e-01
1.112702005887583168e+00,2.343885169311093808e+00,3.424460140668581953e+00,1.022766297355885312e+00,-7.729263772440055913e-01,-2.411402871016883331e-01
1.644672114659608608e+00,3.065564300212480831e+00,1.479207782940125115e+00,2.108196507065356773e+00,-1.397386644414209789e+00,1.238333129848817160e+00
1.689374114784877534e+00,3.025307324433636147e+00,1.251633261506876815e+00,9.264266297139122086e-01,-1.264116853934398321e+00,1.332418122296556151e-01
2.229890850105091804e+00,2.396834543977560017e+00,2.881031763423742120e+00,5.622089039561900536e-01,1.693088688543930020e+00,7.538316751199077848e-01
2.010585914294074517e+00,2.714329369816943061e+00,2.149635745411115906e+00,2.010673844513785724e+00,-3.413218447514234644e-01,-7.776900758718539031e-01
8.459807431858503701e-01,2.663534203784683640e+00,1.511994889028688505e+00,9.319709023466704600e-01,-6.748078923827407483e-01,8.728806422550242639e-01
1.810440194599580721e+00,3.398959683194055614e+00,2.828355018702644053e+00,1.546428048295600766e+00,2.965531210789156824e-01,-4.623621576889169749e-02
1.654365521618918811e+00,3.071281960002610667e+00,2.199066793131566833e+00,2.342461900540772302e+00,2.566868543697356397e+00,-8.717144114789452392e-01
7.425376877971110456e-01,2.907312507492143983e+00,1.371092942716758856e+00,1.150293262562448238e+00,-5.255612153538508080e-01,-4.100142452687149941e-01
2.138051376961637384e+00,2.376491754557132463e+00,3.226838633321632344e+00,1.889881396508411804e+00,1.833121260673632458e-01,2.762911712595504388e-01
1.939555344756831667e+00,2.369719704688824535e+00,2.620280835097599237e+00,2.407916758603963814e+00,-3.051636564575854749e-01,7.046110365538914566e-01
2.211501604791637821e+00,2.432875717684840566e+00,9.154569300361218298e-01,7.990541409126876715e-01,5.072856598356725311e-01,-3.358062394572910447e-01
1.106131145791078962e+00,2.407094571609835754e+00,3.468853661409862177e+00,1.148815924413977507e+00,-2.488990678077185770e+00,7.528471132587692960e-01
3.117360868812943053e+00,2.523423102429150688e+00,2.195196060316532805e+00,2.921962827177724265e+00,-9.924305439066760659e-01,-6.996260676506951270e-01
2.145393973234352991e+00,2.280972746256188177e+00,1.319097833733539726e+00,2.131331828758629587e+00,-1.948442561787249727e-01,-1.292102347066687029e+00
2.087027233080864352e+00,2.588972778980805245e+00,3.395497367608629524e+00,1.066583927825709877e+00,-8.669601404934570432e-01,5.076609575207531718e-04
1.869399040271744195e+00,2.931631699468707275e+00,2.232151062626702487e+00,2.755772258030621646e+00,-4.178643583912244330e-01,2.387775772172005817e-01
1.538461021457835365e+00,2.434902395899162020e+00,1.374593170867096203e+00,9.411098389776674233e-01,-9.406481372398154406e-01,-3.179434292691665775e-01
2.252526876146048629e+00,2.366497910329042664e+00,2.345870357977210663e+00,7.241387665572512899e-01,-1.148786612476888847e+00,-3.745620406830205695e-01
1.388060174712377748e+00,2.779132109283818597e+00,1.200513556295001116e+00,2.866881080783695523e+00,1.974710908210575988e-01,-3.357604458813452930e-01
1.508919520985665397e+00,2.276345919123311301e+00,1.316445149772288437e+00,1.051006444828607389e+00,-1.522735811957671048e+00,-2.799576983106755734e-01
1.585926205405863154e+00,2.444635792979450883e+00,3.143705736593650268e+00,5.767360948640934959e-01,5.818992599669084442e-02,1.043289430697888820e+00
1.785307013393493403e+00,2.262705066460295900e+00,1.250013225334737577e+00,2.165025316155645640e+00,-1.290986262603000534e-01,-4.980501860320401541e-01
2.340489463657025482e+00,3.381304450708324083e+00,4.271662620136998934e-01,1.138567467761511853e+00,-1.257156689227448609e+00,1.904929505145335877e+00
1.821242892990493578e+00,2.761327587049061005e+00,2.762914449113301085e+00,4.368655031805704914e-01,-1.034772990306877860e+00,-1.213046464851456285e+00
1.822293254753929226e+00,2.549471123016248342e+00,8.755356562061289427e-01,2.314342867054802078e+00,-2.353733977506358432e-01,-1.906746390307721306e+00
2.563875672475114609e+00,2.525146619513524371e+00,1.692416648126174206e+00,8.587574052531689039e-01,9.899867542410266674e-01,9.992031880757595852e-02
1.592226324397626902e+00,2.135036693856180445e+00,3.750220512489789826e+00,4.046863772677263826e-01,4.073692280349888728e-01,-1.059746826450273183e+00
1.691626787469416637e+00,2.493347889346251733e+00,1.663635782206967173e+00,2.354871187167525637e+00,-5.880534847850790170e-01,7.789196724567861718e-01
2.429005726045540658e+00,1.820601579449035334e+00,4.964805220473169634e-01,1.218462350364062807e+00,8.271132628222307437e-01,2.760205447137610513e+00
1.481355415322507696e+00,2.037729394211976075e+00,2.529140384119289209e+00,5.979614662349802545e-01,1.025267376011752773e+00,-1.963829529195685764e+00
1.125297289135388956e+00,3.162961341744241039e+00,1.523936364014895295e+00,2.385590319561438299e+00,1.793030810129122091e-02,-4.309526745920101987e-01
1.981810678117952751e+00,3.450389659861913039e+00,1.818824237638723584e+00,1.420459486114981962e+00,1.027785629081787055e+00,-1.545612084832882760e-01
1.287833162409499188e+00,3.147091156629587161e+00,3.429818915296222404e+00,1.499321130429668525e+00,4.257784628934177529e-01,-3.812918710561457591e-01
1.649175733918018194e+00,2.296315157412808006e+00,1.636046031186132899e+00,2.373753256461917704e+00,5.484562159639911894e-01,1.402317855336123964e+00
1.505517771454231157e+00,2.025068070256170305e+00,1.455584113338165952e+00,2.029654872620064054e+00,-6.714499242027809345e-01,-2.095284959948133796e+00
1.338127294385722976e+00,2.608166478810236999e+00,2.747270928557192349e+00,1.252730122786241296e+00,-1.091267937286223511e+00,1.505504622702876549e+00
1.342899483736589072e+00,2.379099067338563689e+00,2.325677412530195109e+00,1.491113185664401319e+00,1.659605129674504576e-01,-3.507902840965916313e-01
1.995399227878300152e+00,2.833305342703055452e+00,1.724974819184922570e+00,1.318721649185446099e+00,-1.018342443901053995e+00,9.950494570032770714e-01
2.050195861199773706e+00,2.660662916731293848e+00,2.596004719333402377e+00,9.965822546036317009e-01,2.338785397769354291e-01,-1.664799783538610800e-01
2.257205780283161101e+00,2.491374567370141513e+00,1.937108840759819151e+00,2.389946207346427265e+00,-5.949519100623530399e-01,-2.087779449886684735e-01
2.181673959287132369e+00,2.010139904277510325e+00,9.066648996307026254e-01,1.061544636696973409e+00,-3.730024862297806054e-01,5.193808020719883345e-01
1.612264782648038963e+00,3.448755403569675249e+00,4.164409890062296782e+00,1.418554426509490707e+00,1.220891507971542111e+00,-2.011594557699388996e+00
1.994132892811721236e+00,2.144749662666522561e+00,1.268624008870289366e+00,2.263713361074067176e+00,-1.504712336264670602e+00,-1.499361812733488453e-01
2.689939950535473301e+00,2.421578694742615667e+00,9.537795052115383143e-01,1.379393907267041808e+00,2.727024295059100878e-02,-1.604371626082872204e+00
1.676754486608003081e+00,1.775504225738977482e+00,2.977251732439374798e+00,4.032326846725853287e-01,-6.743089416327028296e-01,-4.556143609600363242e-01
2.389745933026105718e+00,1.956849546394554107e+00,2.590754094978227062e+00,2.619858513598494199e+00,-4.973635377823393267e-01,-5.180320391729570373e-01
